file, tmin, tmax
branning_01_HHH_010_1_1, 0.809755256110612, 1.48559694486391
branning_01_HHH_010_1_2, 0.809755256110612, 1.48559694486391
branning_01_HHH_010_1_3, 0.809755256110612, 1.48559694486391
branning_01_HHH_010_1_4, 0.809755256110612, 1.48559694486391
branning_01_HHH_010_1_5, 0.809755256110612, 1.48559694486391
branning_01_HHH_010_2_1, 0.809755256110612, 1.48559694486391
branning_01_HHH_010_2_2, 0.809755256110612, 1.48559694486391
branning_01_HHH_010_2_3, 0.809755256110612, 1.48559694486391
branning_01_HHH_010_2_4, 0.809755256110612, 1.48559694486391
branning_01_HHH_010_2_5, 0.809755256110612, 1.48559694486391
branning_01_HHH_010_3_1, 0.809755256110612, 1.48559694486391
branning_01_HHH_010_3_2, 0.809755256110612, 1.48559694486391
branning_01_HHH_010_3_3, 0.809755256110612, 1.48559694486391
branning_01_HHH_010_3_4, 0.809755256110612, 1.48559694486391
branning_01_HHH_010_3_5, 0.809755256110612, 1.48559694486391
branning_01_HHH_010_4_1, 0.809755256110612, 1.48559694486391
branning_01_HHH_010_4_2, 0.809755256110612, 1.48559694486391
branning_01_HHH_010_4_3, 0.809755256110612, 1.48559694486391
branning_01_HHH_010_4_4, 0.809755256110612, 1.48559694486391
branning_01_HHH_010_4_5, 0.809755256110612, 1.48559694486391
branning_01_HHH_010_5_1, 0.809755256110612, 1.48559694486391
branning_01_HHH_010_5_2, 0.809755256110612, 1.48559694486391
branning_01_HHH_010_5_3, 0.809755256110612, 1.48559694486391
branning_01_HHH_010_5_4, 0.809755256110612, 1.48559694486391
branning_01_HHH_010_5_5, 0.809755256110612, 1.48559694486391
branning_01_HLL_002_1_1, 0.70078880861807, 1.37663049441181
branning_01_HLL_002_1_2, 0.70078880861807, 1.37663049441181
branning_01_HLL_002_1_3, 0.70078880861807, 1.37663049441181
branning_01_HLL_002_1_4, 0.70078880861807, 1.37663049441181
branning_01_HLL_002_1_5, 0.70078880861807, 1.37663049441181
branning_01_HLL_002_2_1, 0.70078880861807, 1.37663049441181
branning_01_HLL_002_2_2, 0.70078880861807, 1.37663049441181
branning_01_HLL_002_2_3, 0.70078880861807, 1.37663049441181
branning_01_HLL_002_2_4, 0.70078880861807, 1.37663049441181
branning_01_HLL_002_2_5, 0.70078880861807, 1.37663049441181
branning_01_HLL_002_3_1, 0.70078880861807, 1.37663049441181
branning_01_HLL_002_3_2, 0.70078880861807, 1.37663049441181
branning_01_HLL_002_3_3, 0.70078880861807, 1.37663049441181
branning_01_HLL_002_3_4, 0.70078880861807, 1.37663049441181
branning_01_HLL_002_3_5, 0.70078880861807, 1.37663049441181
branning_01_HLL_002_4_1, 0.70078880861807, 1.37663049441181
branning_01_HLL_002_4_2, 0.70078880861807, 1.37663049441181
branning_01_HLL_002_4_3, 0.70078880861807, 1.37663049441181
branning_01_HLL_002_4_4, 0.70078880861807, 1.37663049441181
branning_01_HLL_002_4_5, 0.70078880861807, 1.37663049441181
branning_01_HLL_002_5_1, 0.70078880861807, 1.37663049441181
branning_01_HLL_002_5_2, 0.70078880861807, 1.37663049441181
branning_01_HLL_002_5_3, 0.70078880861807, 1.37663049441181
branning_01_HLL_002_5_4, 0.70078880861807, 1.37663049441181
branning_01_HLL_002_5_5, 0.70078880861807, 1.37663049441181
branning_01_LHH_001_1_1, 0.807639817213406, 1.48348149427243
branning_01_LHH_001_1_2, 0.807639817213406, 1.48348149427243
branning_01_LHH_001_1_3, 0.807639817213406, 1.48348149427243
branning_01_LHH_001_1_4, 0.807639817213406, 1.48348149427243
branning_01_LHH_001_1_5, 0.807639817213406, 1.48348149427243
branning_01_LHH_001_2_1, 0.807639817213406, 1.48348149427243
branning_01_LHH_001_2_2, 0.807639817213406, 1.48348149427243
branning_01_LHH_001_2_3, 0.807639817213406, 1.48348149427243
branning_01_LHH_001_2_4, 0.807639817213406, 1.48348149427243
branning_01_LHH_001_2_5, 0.807639817213406, 1.48348149427243
branning_01_LHH_001_3_1, 0.807639817213406, 1.48348149427243
branning_01_LHH_001_3_2, 0.807639817213406, 1.48348149427243
branning_01_LHH_001_3_3, 0.807639817213406, 1.48348149427243
branning_01_LHH_001_3_4, 0.807639817213406, 1.48348149427243
branning_01_LHH_001_3_5, 0.807639817213406, 1.48348149427243
branning_01_LHH_001_4_1, 0.807639817213406, 1.48348149427243
branning_01_LHH_001_4_2, 0.807639817213406, 1.48348149427243
branning_01_LHH_001_4_3, 0.807639817213406, 1.48348149427243
branning_01_LHH_001_4_4, 0.807639817213406, 1.48348149427243
branning_01_LHH_001_4_5, 0.807639817213406, 1.48348149427243
branning_01_LHH_001_5_1, 0.807639817213406, 1.48348149427243
branning_01_LHH_001_5_2, 0.807639817213406, 1.48348149427243
branning_01_LHH_001_5_3, 0.807639817213406, 1.48348149427243
branning_01_LHH_001_5_4, 0.807639817213406, 1.48348149427243
branning_01_LHH_001_5_5, 0.807639817213406, 1.48348149427243
branning_01_LHSLL_002_1_1, 0.7745753587463, 1.45041704485087
branning_01_LHSLL_002_1_2, 0.7745753587463, 1.45041704485087
branning_01_LHSLL_002_1_3, 0.7745753587463, 1.45041704485087
branning_01_LHSLL_002_1_4, 0.7745753587463, 1.45041704485087
branning_01_LHSLL_002_1_5, 0.7745753587463, 1.45041704485087
branning_01_LHSLL_002_2_1, 0.7745753587463, 1.45041704485087
branning_01_LHSLL_002_2_2, 0.7745753587463, 1.45041704485087
branning_01_LHSLL_002_2_3, 0.7745753587463, 1.45041704485087
branning_01_LHSLL_002_2_4, 0.7745753587463, 1.45041704485087
branning_01_LHSLL_002_2_5, 0.7745753587463, 1.45041704485087
branning_01_LHSLL_002_3_1, 0.7745753587463, 1.45041704485087
branning_01_LHSLL_002_3_2, 0.7745753587463, 1.45041704485087
branning_01_LHSLL_002_3_3, 0.7745753587463, 1.45041704485087
branning_01_LHSLL_002_3_4, 0.7745753587463, 1.45041704485087
branning_01_LHSLL_002_3_5, 0.7745753587463, 1.45041704485087
branning_01_LHSLL_002_4_1, 0.7745753587463, 1.45041704485087
branning_01_LHSLL_002_4_2, 0.7745753587463, 1.45041704485087
branning_01_LHSLL_002_4_3, 0.7745753587463, 1.45041704485087
branning_01_LHSLL_002_4_4, 0.7745753587463, 1.45041704485087
branning_01_LHSLL_002_4_5, 0.7745753587463, 1.45041704485087
branning_01_LHSLL_002_5_1, 0.7745753587463, 1.45041704485087
branning_01_LHSLL_002_5_2, 0.7745753587463, 1.45041704485087
branning_01_LHSLL_002_5_3, 0.7745753587463, 1.45041704485087
branning_01_LHSLL_002_5_4, 0.7745753587463, 1.45041704485087
branning_01_LHSLL_002_5_5, 0.7745753587463, 1.45041704485087
branning_01_LSHLL_002_1_1, 0.815379811303263, 1.49122148285792
branning_01_LSHLL_002_1_2, 0.815379811303263, 1.49122148285792
branning_01_LSHLL_002_1_3, 0.815379811303263, 1.49122148285792
branning_01_LSHLL_002_1_4, 0.815379811303263, 1.49122148285792
branning_01_LSHLL_002_1_5, 0.815379811303263, 1.49122148285792
branning_01_LSHLL_002_2_1, 0.815379811303263, 1.49122148285792
branning_01_LSHLL_002_2_2, 0.815379811303263, 1.49122148285792
branning_01_LSHLL_002_2_3, 0.815379811303263, 1.49122148285792
branning_01_LSHLL_002_2_4, 0.815379811303263, 1.49122148285792
branning_01_LSHLL_002_2_5, 0.815379811303263, 1.49122148285792
branning_01_LSHLL_002_3_1, 0.815379811303263, 1.49122148285792
branning_01_LSHLL_002_3_2, 0.815379811303263, 1.49122148285792
branning_01_LSHLL_002_3_3, 0.815379811303263, 1.49122148285792
branning_01_LSHLL_002_3_4, 0.815379811303263, 1.49122148285792
branning_01_LSHLL_002_3_5, 0.815379811303263, 1.49122148285792
branning_01_LSHLL_002_4_1, 0.815379811303263, 1.49122148285792
branning_01_LSHLL_002_4_2, 0.815379811303263, 1.49122148285792
branning_01_LSHLL_002_4_3, 0.815379811303263, 1.49122148285792
branning_01_LSHLL_002_4_4, 0.815379811303263, 1.49122148285792
branning_01_LSHLL_002_4_5, 0.815379811303263, 1.49122148285792
branning_01_LSHLL_002_5_1, 0.815379811303263, 1.49122148285792
branning_01_LSHLL_002_5_2, 0.815379811303263, 1.49122148285792
branning_01_LSHLL_002_5_3, 0.815379811303263, 1.49122148285792
branning_01_LSHLL_002_5_4, 0.815379811303263, 1.49122148285792
branning_01_LSHLL_002_5_5, 0.815379811303263, 1.49122148285792
broadway_01_HHH_002_1_1, 0.710000012270337, 1.38584168696861
broadway_01_HHH_002_1_2, 0.710000012270337, 1.38584168696861
broadway_01_HHH_002_1_3, 0.710000012270337, 1.38584168696861
broadway_01_HHH_002_1_4, 0.710000012270337, 1.38584168696861
broadway_01_HHH_002_1_5, 0.710000012270337, 1.38584168696861
broadway_01_HHH_002_2_1, 0.710000012270337, 1.38584168696861
broadway_01_HHH_002_2_2, 0.710000012270337, 1.38584168696861
broadway_01_HHH_002_2_3, 0.710000012270337, 1.38584168696861
broadway_01_HHH_002_2_4, 0.710000012270337, 1.38584168696861
broadway_01_HHH_002_2_5, 0.710000012270337, 1.38584168696861
broadway_01_HHH_002_3_1, 0.710000012270337, 1.38584168696861
broadway_01_HHH_002_3_2, 0.710000012270337, 1.38584168696861
broadway_01_HHH_002_3_3, 0.710000012270337, 1.38584168696861
broadway_01_HHH_002_3_4, 0.710000012270337, 1.38584168696861
broadway_01_HHH_002_3_5, 0.710000012270337, 1.38584168696861
broadway_01_HHH_002_4_1, 0.710000012270337, 1.38584168696861
broadway_01_HHH_002_4_2, 0.710000012270337, 1.38584168696861
broadway_01_HHH_002_4_3, 0.710000012270337, 1.38584168696861
broadway_01_HHH_002_4_4, 0.710000012270337, 1.38584168696861
broadway_01_HHH_002_4_5, 0.710000012270337, 1.38584168696861
broadway_01_HHH_002_5_1, 0.710000012270337, 1.38584168696861
broadway_01_HHH_002_5_2, 0.710000012270337, 1.38584168696861
broadway_01_HHH_002_5_3, 0.710000012270337, 1.38584168696861
broadway_01_HHH_002_5_4, 0.710000012270337, 1.38584168696861
broadway_01_HHH_002_5_5, 0.710000012270337, 1.38584168696861
broadway_01_HLL_003_1_1, 0.665922377898367, 1.34176405225494
broadway_01_HLL_003_1_2, 0.665922377898367, 1.34176405225494
broadway_01_HLL_003_1_3, 0.665922377898367, 1.34176405225494
broadway_01_HLL_003_1_4, 0.665922377898367, 1.34176405225494
broadway_01_HLL_003_1_5, 0.665922377898367, 1.34176405225494
broadway_01_HLL_003_2_1, 0.665922377898367, 1.34176405225494
broadway_01_HLL_003_2_2, 0.665922377898367, 1.34176405225494
broadway_01_HLL_003_2_3, 0.665922377898367, 1.34176405225494
broadway_01_HLL_003_2_4, 0.665922377898367, 1.34176405225494
broadway_01_HLL_003_2_5, 0.665922377898367, 1.34176405225494
broadway_01_HLL_003_3_1, 0.665922377898367, 1.34176405225494
broadway_01_HLL_003_3_2, 0.665922377898367, 1.34176405225494
broadway_01_HLL_003_3_3, 0.665922377898367, 1.34176405225494
broadway_01_HLL_003_3_4, 0.665922377898367, 1.34176405225494
broadway_01_HLL_003_3_5, 0.665922377898367, 1.34176405225494
broadway_01_HLL_003_4_1, 0.665922377898367, 1.34176405225494
broadway_01_HLL_003_4_2, 0.665922377898367, 1.34176405225494
broadway_01_HLL_003_4_3, 0.665922377898367, 1.34176405225494
broadway_01_HLL_003_4_4, 0.665922377898367, 1.34176405225494
broadway_01_HLL_003_4_5, 0.665922377898367, 1.34176405225494
broadway_01_HLL_003_5_1, 0.665922377898367, 1.34176405225494
broadway_01_HLL_003_5_2, 0.665922377898367, 1.34176405225494
broadway_01_HLL_003_5_3, 0.665922377898367, 1.34176405225494
broadway_01_HLL_003_5_4, 0.665922377898367, 1.34176405225494
broadway_01_HLL_003_5_5, 0.665922377898367, 1.34176405225494
broadway_01_LHH_003_1_1, 0.728031268039763, 1.40387294038407
broadway_01_LHH_003_1_2, 0.728031268039763, 1.40387294038407
broadway_01_LHH_003_1_3, 0.728031268039763, 1.40387294038407
broadway_01_LHH_003_1_4, 0.728031268039763, 1.40387294038407
broadway_01_LHH_003_1_5, 0.728031268039763, 1.40387294038407
broadway_01_LHH_003_2_1, 0.728031268039763, 1.40387294038407
broadway_01_LHH_003_2_2, 0.728031268039763, 1.40387294038407
broadway_01_LHH_003_2_3, 0.728031268039763, 1.40387294038407
broadway_01_LHH_003_2_4, 0.728031268039763, 1.40387294038407
broadway_01_LHH_003_2_5, 0.728031268039763, 1.40387294038407
broadway_01_LHH_003_3_1, 0.728031268039763, 1.40387294038407
broadway_01_LHH_003_3_2, 0.728031268039763, 1.40387294038407
broadway_01_LHH_003_3_3, 0.728031268039763, 1.40387294038407
broadway_01_LHH_003_3_4, 0.728031268039763, 1.40387294038407
broadway_01_LHH_003_3_5, 0.728031268039763, 1.40387294038407
broadway_01_LHH_003_4_1, 0.728031268039763, 1.40387294038407
broadway_01_LHH_003_4_2, 0.728031268039763, 1.40387294038407
broadway_01_LHH_003_4_3, 0.728031268039763, 1.40387294038407
broadway_01_LHH_003_4_4, 0.728031268039763, 1.40387294038407
broadway_01_LHH_003_4_5, 0.728031268039763, 1.40387294038407
broadway_01_LHH_003_5_1, 0.728031268039763, 1.40387294038407
broadway_01_LHH_003_5_2, 0.728031268039763, 1.40387294038407
broadway_01_LHH_003_5_3, 0.728031268039763, 1.40387294038407
broadway_01_LHH_003_5_4, 0.728031268039763, 1.40387294038407
broadway_01_LHH_003_5_5, 0.728031268039763, 1.40387294038407
broadway_01_LHSLL_003_1_1, 0.73487925880104, 1.41072093643501
broadway_01_LHSLL_003_1_2, 0.73487925880104, 1.41072093643501
broadway_01_LHSLL_003_1_3, 0.73487925880104, 1.41072093643501
broadway_01_LHSLL_003_1_4, 0.73487925880104, 1.41072093643501
broadway_01_LHSLL_003_1_5, 0.73487925880104, 1.41072093643501
broadway_01_LHSLL_003_2_1, 0.73487925880104, 1.41072093643501
broadway_01_LHSLL_003_2_2, 0.73487925880104, 1.41072093643501
broadway_01_LHSLL_003_2_3, 0.73487925880104, 1.41072093643501
broadway_01_LHSLL_003_2_4, 0.73487925880104, 1.41072093643501
broadway_01_LHSLL_003_2_5, 0.73487925880104, 1.41072093643501
broadway_01_LHSLL_003_3_1, 0.73487925880104, 1.41072093643501
broadway_01_LHSLL_003_3_2, 0.73487925880104, 1.41072093643501
broadway_01_LHSLL_003_3_3, 0.73487925880104, 1.41072093643501
broadway_01_LHSLL_003_3_4, 0.73487925880104, 1.41072093643501
broadway_01_LHSLL_003_3_5, 0.73487925880104, 1.41072093643501
broadway_01_LHSLL_003_4_1, 0.73487925880104, 1.41072093643501
broadway_01_LHSLL_003_4_2, 0.73487925880104, 1.41072093643501
broadway_01_LHSLL_003_4_3, 0.73487925880104, 1.41072093643501
broadway_01_LHSLL_003_4_4, 0.73487925880104, 1.41072093643501
broadway_01_LHSLL_003_4_5, 0.73487925880104, 1.41072093643501
broadway_01_LHSLL_003_5_1, 0.73487925880104, 1.41072093643501
broadway_01_LHSLL_003_5_2, 0.73487925880104, 1.41072093643501
broadway_01_LHSLL_003_5_3, 0.73487925880104, 1.41072093643501
broadway_01_LHSLL_003_5_4, 0.73487925880104, 1.41072093643501
broadway_01_LHSLL_003_5_5, 0.73487925880104, 1.41072093643501
broadway_01_LSHLL_003_1_1, 0.763140168864309, 1.43898183229122
broadway_01_LSHLL_003_1_2, 0.763140168864309, 1.43898183229122
broadway_01_LSHLL_003_1_3, 0.763140168864309, 1.43898183229122
broadway_01_LSHLL_003_1_4, 0.763140168864309, 1.43898183229122
broadway_01_LSHLL_003_1_5, 0.763140168864309, 1.43898183229122
broadway_01_LSHLL_003_2_1, 0.763140168864309, 1.43898183229122
broadway_01_LSHLL_003_2_2, 0.763140168864309, 1.43898183229122
broadway_01_LSHLL_003_2_3, 0.763140168864309, 1.43898183229122
broadway_01_LSHLL_003_2_4, 0.763140168864309, 1.43898183229122
broadway_01_LSHLL_003_2_5, 0.763140168864309, 1.43898183229122
broadway_01_LSHLL_003_3_1, 0.763140168864309, 1.43898183229122
broadway_01_LSHLL_003_3_2, 0.763140168864309, 1.43898183229122
broadway_01_LSHLL_003_3_3, 0.763140168864309, 1.43898183229122
broadway_01_LSHLL_003_3_4, 0.763140168864309, 1.43898183229122
broadway_01_LSHLL_003_3_5, 0.763140168864309, 1.43898183229122
broadway_01_LSHLL_003_4_1, 0.763140168864309, 1.43898183229122
broadway_01_LSHLL_003_4_2, 0.763140168864309, 1.43898183229122
broadway_01_LSHLL_003_4_3, 0.763140168864309, 1.43898183229122
broadway_01_LSHLL_003_4_4, 0.763140168864309, 1.43898183229122
broadway_01_LSHLL_003_4_5, 0.763140168864309, 1.43898183229122
broadway_01_LSHLL_003_5_1, 0.763140168864309, 1.43898183229122
broadway_01_LSHLL_003_5_2, 0.763140168864309, 1.43898183229122
broadway_01_LSHLL_003_5_3, 0.763140168864309, 1.43898183229122
broadway_01_LSHLL_003_5_4, 0.763140168864309, 1.43898183229122
broadway_01_LSHLL_003_5_5, 0.763140168864309, 1.43898183229122
bronville_01_HHH_003_1_1, 0.660000001891948, 1.33584165870425
bronville_01_HHH_003_1_2, 0.660000001891948, 1.33584165870425
bronville_01_HHH_003_1_3, 0.660000001891948, 1.33584165870425
bronville_01_HHH_003_1_4, 0.660000001891948, 1.33584165870425
bronville_01_HHH_003_1_5, 0.660000001891948, 1.33584165870425
bronville_01_HHH_003_2_1, 0.660000001891948, 1.33584165870425
bronville_01_HHH_003_2_2, 0.660000001891948, 1.33584165870425
bronville_01_HHH_003_2_3, 0.660000001891948, 1.33584165870425
bronville_01_HHH_003_2_4, 0.660000001891948, 1.33584165870425
bronville_01_HHH_003_2_5, 0.660000001891948, 1.33584165870425
bronville_01_HHH_003_3_1, 0.660000001891948, 1.33584165870425
bronville_01_HHH_003_3_2, 0.660000001891948, 1.33584165870425
bronville_01_HHH_003_3_3, 0.660000001891948, 1.33584165870425
bronville_01_HHH_003_3_4, 0.660000001891948, 1.33584165870425
bronville_01_HHH_003_3_5, 0.660000001891948, 1.33584165870425
bronville_01_HHH_003_4_1, 0.660000001891948, 1.33584165870425
bronville_01_HHH_003_4_2, 0.660000001891948, 1.33584165870425
bronville_01_HHH_003_4_3, 0.660000001891948, 1.33584165870425
bronville_01_HHH_003_4_4, 0.660000001891948, 1.33584165870425
bronville_01_HHH_003_4_5, 0.660000001891948, 1.33584165870425
bronville_01_HHH_003_5_1, 0.660000001891948, 1.33584165870425
bronville_01_HHH_003_5_2, 0.660000001891948, 1.33584165870425
bronville_01_HHH_003_5_3, 0.660000001891948, 1.33584165870425
bronville_01_HHH_003_5_4, 0.660000001891948, 1.33584165870425
bronville_01_HHH_003_5_5, 0.660000001891948, 1.33584165870425
bronville_01_HLL_002_1_1, 0.678195541293261, 1.35403720852582
bronville_01_HLL_002_1_2, 0.678195541293261, 1.35403720852582
bronville_01_HLL_002_1_3, 0.678195541293261, 1.35403720852582
bronville_01_HLL_002_1_4, 0.678195541293261, 1.35403720852582
bronville_01_HLL_002_1_5, 0.678195541293261, 1.35403720852582
bronville_01_HLL_002_2_1, 0.678195541293261, 1.35403720852582
bronville_01_HLL_002_2_2, 0.678195541293261, 1.35403720852582
bronville_01_HLL_002_2_3, 0.678195541293261, 1.35403720852582
bronville_01_HLL_002_2_4, 0.678195541293261, 1.35403720852582
bronville_01_HLL_002_2_5, 0.678195541293261, 1.35403720852582
bronville_01_HLL_002_3_1, 0.678195541293261, 1.35403720852582
bronville_01_HLL_002_3_2, 0.678195541293261, 1.35403720852582
bronville_01_HLL_002_3_3, 0.678195541293261, 1.35403720852582
bronville_01_HLL_002_3_4, 0.678195541293261, 1.35403720852582
bronville_01_HLL_002_3_5, 0.678195541293261, 1.35403720852582
bronville_01_HLL_002_4_1, 0.678195541293261, 1.35403720852582
bronville_01_HLL_002_4_2, 0.678195541293261, 1.35403720852582
bronville_01_HLL_002_4_3, 0.678195541293261, 1.35403720852582
bronville_01_HLL_002_4_4, 0.678195541293261, 1.35403720852582
bronville_01_HLL_002_4_5, 0.678195541293261, 1.35403720852582
bronville_01_HLL_002_5_1, 0.678195541293261, 1.35403720852582
bronville_01_HLL_002_5_2, 0.678195541293261, 1.35403720852582
bronville_01_HLL_002_5_3, 0.678195541293261, 1.35403720852582
bronville_01_HLL_002_5_4, 0.678195541293261, 1.35403720852582
bronville_01_HLL_002_5_5, 0.678195541293261, 1.35403720852582
bronville_01_LHH_003_1_1, 0.787717803273412, 1.46355946410752
bronville_01_LHH_003_1_2, 0.787717803273412, 1.46355946410752
bronville_01_LHH_003_1_3, 0.787717803273412, 1.46355946410752
bronville_01_LHH_003_1_4, 0.787717803273412, 1.46355946410752
bronville_01_LHH_003_1_5, 0.787717803273412, 1.46355946410752
bronville_01_LHH_003_2_1, 0.787717803273412, 1.46355946410752
bronville_01_LHH_003_2_2, 0.787717803273412, 1.46355946410752
bronville_01_LHH_003_2_3, 0.787717803273412, 1.46355946410752
bronville_01_LHH_003_2_4, 0.787717803273412, 1.46355946410752
bronville_01_LHH_003_2_5, 0.787717803273412, 1.46355946410752
bronville_01_LHH_003_3_1, 0.787717803273412, 1.46355946410752
bronville_01_LHH_003_3_2, 0.787717803273412, 1.46355946410752
bronville_01_LHH_003_3_3, 0.787717803273412, 1.46355946410752
bronville_01_LHH_003_3_4, 0.787717803273412, 1.46355946410752
bronville_01_LHH_003_3_5, 0.787717803273412, 1.46355946410752
bronville_01_LHH_003_4_1, 0.787717803273412, 1.46355946410752
bronville_01_LHH_003_4_2, 0.787717803273412, 1.46355946410752
bronville_01_LHH_003_4_3, 0.787717803273412, 1.46355946410752
bronville_01_LHH_003_4_4, 0.787717803273412, 1.46355946410752
bronville_01_LHH_003_4_5, 0.787717803273412, 1.46355946410752
bronville_01_LHH_003_5_1, 0.787717803273412, 1.46355946410752
bronville_01_LHH_003_5_2, 0.787717803273412, 1.46355946410752
bronville_01_LHH_003_5_3, 0.787717803273412, 1.46355946410752
bronville_01_LHH_003_5_4, 0.787717803273412, 1.46355946410752
bronville_01_LHH_003_5_5, 0.787717803273412, 1.46355946410752
bronville_01_LHSLL_004_1_1, 0.665671201340493, 1.34151286180626
bronville_01_LHSLL_004_1_2, 0.665671201340493, 1.34151286180626
bronville_01_LHSLL_004_1_3, 0.665671201340493, 1.34151286180626
bronville_01_LHSLL_004_1_4, 0.665671201340493, 1.34151286180626
bronville_01_LHSLL_004_1_5, 0.665671201340493, 1.34151286180626
bronville_01_LHSLL_004_2_1, 0.665671201340493, 1.34151286180626
bronville_01_LHSLL_004_2_2, 0.665671201340493, 1.34151286180626
bronville_01_LHSLL_004_2_3, 0.665671201340493, 1.34151286180626
bronville_01_LHSLL_004_2_4, 0.665671201340493, 1.34151286180626
bronville_01_LHSLL_004_2_5, 0.665671201340493, 1.34151286180626
bronville_01_LHSLL_004_3_1, 0.665671201340493, 1.34151286180626
bronville_01_LHSLL_004_3_2, 0.665671201340493, 1.34151286180626
bronville_01_LHSLL_004_3_3, 0.665671201340493, 1.34151286180626
bronville_01_LHSLL_004_3_4, 0.665671201340493, 1.34151286180626
bronville_01_LHSLL_004_3_5, 0.665671201340493, 1.34151286180626
bronville_01_LHSLL_004_4_1, 0.665671201340493, 1.34151286180626
bronville_01_LHSLL_004_4_2, 0.665671201340493, 1.34151286180626
bronville_01_LHSLL_004_4_3, 0.665671201340493, 1.34151286180626
bronville_01_LHSLL_004_4_4, 0.665671201340493, 1.34151286180626
bronville_01_LHSLL_004_4_5, 0.665671201340493, 1.34151286180626
bronville_01_LHSLL_004_5_1, 0.665671201340493, 1.34151286180626
bronville_01_LHSLL_004_5_2, 0.665671201340493, 1.34151286180626
bronville_01_LHSLL_004_5_3, 0.665671201340493, 1.34151286180626
bronville_01_LHSLL_004_5_4, 0.665671201340493, 1.34151286180626
bronville_01_LHSLL_004_5_5, 0.665671201340493, 1.34151286180626
bronville_01_LSHLL_008_1_1, 0.654278898132193, 1.33012055147376
bronville_01_LSHLL_008_1_2, 0.654278898132193, 1.33012055147376
bronville_01_LSHLL_008_1_3, 0.654278898132193, 1.33012055147376
bronville_01_LSHLL_008_1_4, 0.654278898132193, 1.33012055147376
bronville_01_LSHLL_008_1_5, 0.654278898132193, 1.33012055147376
bronville_01_LSHLL_008_2_1, 0.654278898132193, 1.33012055147376
bronville_01_LSHLL_008_2_2, 0.654278898132193, 1.33012055147376
bronville_01_LSHLL_008_2_3, 0.654278898132193, 1.33012055147376
bronville_01_LSHLL_008_2_4, 0.654278898132193, 1.33012055147376
bronville_01_LSHLL_008_2_5, 0.654278898132193, 1.33012055147376
bronville_01_LSHLL_008_3_1, 0.654278898132193, 1.33012055147376
bronville_01_LSHLL_008_3_2, 0.654278898132193, 1.33012055147376
bronville_01_LSHLL_008_3_3, 0.654278898132193, 1.33012055147376
bronville_01_LSHLL_008_3_4, 0.654278898132193, 1.33012055147376
bronville_01_LSHLL_008_3_5, 0.654278898132193, 1.33012055147376
bronville_01_LSHLL_008_4_1, 0.654278898132193, 1.33012055147376
bronville_01_LSHLL_008_4_2, 0.654278898132193, 1.33012055147376
bronville_01_LSHLL_008_4_3, 0.654278898132193, 1.33012055147376
bronville_01_LSHLL_008_4_4, 0.654278898132193, 1.33012055147376
bronville_01_LSHLL_008_4_5, 0.654278898132193, 1.33012055147376
bronville_01_LSHLL_008_5_1, 0.654278898132193, 1.33012055147376
bronville_01_LSHLL_008_5_2, 0.654278898132193, 1.33012055147376
bronville_01_LSHLL_008_5_3, 0.654278898132193, 1.33012055147376
bronville_01_LSHLL_008_5_4, 0.654278898132193, 1.33012055147376
bronville_01_LSHLL_008_5_5, 0.654278898132193, 1.33012055147376
evansville_01_HHH_002_1_1, 0.718342692334259, 1.40670233322117
evansville_01_HHH_002_1_2, 0.718342692334259, 1.40670233322117
evansville_01_HHH_002_1_3, 0.718342692334259, 1.40670233322117
evansville_01_HHH_002_1_4, 0.718342692334259, 1.40670233322117
evansville_01_HHH_002_1_5, 0.718342692334259, 1.40670233322117
evansville_01_HHH_002_2_1, 0.718342692334259, 1.40670233322117
evansville_01_HHH_002_2_2, 0.718342692334259, 1.40670233322117
evansville_01_HHH_002_2_3, 0.718342692334259, 1.40670233322117
evansville_01_HHH_002_2_4, 0.718342692334259, 1.40670233322117
evansville_01_HHH_002_2_5, 0.718342692334259, 1.40670233322117
evansville_01_HHH_002_3_1, 0.718342692334259, 1.40670233322117
evansville_01_HHH_002_3_2, 0.718342692334259, 1.40670233322117
evansville_01_HHH_002_3_3, 0.718342692334259, 1.40670233322117
evansville_01_HHH_002_3_4, 0.718342692334259, 1.40670233322117
evansville_01_HHH_002_3_5, 0.718342692334259, 1.40670233322117
evansville_01_HHH_002_4_1, 0.718342692334259, 1.40670233322117
evansville_01_HHH_002_4_2, 0.718342692334259, 1.40670233322117
evansville_01_HHH_002_4_3, 0.718342692334259, 1.40670233322117
evansville_01_HHH_002_4_4, 0.718342692334259, 1.40670233322117
evansville_01_HHH_002_4_5, 0.718342692334259, 1.40670233322117
evansville_01_HHH_002_5_1, 0.718342692334259, 1.40670233322117
evansville_01_HHH_002_5_2, 0.718342692334259, 1.40670233322117
evansville_01_HHH_002_5_3, 0.718342692334259, 1.40670233322117
evansville_01_HHH_002_5_4, 0.718342692334259, 1.40670233322117
evansville_01_HHH_002_5_5, 0.718342692334259, 1.40670233322117
evansville_01_HLL_007_1_1, 0.890000049180051, 1.57835969557758
evansville_01_HLL_007_1_2, 0.890000049180051, 1.57835969557758
evansville_01_HLL_007_1_3, 0.890000049180051, 1.57835969557758
evansville_01_HLL_007_1_4, 0.890000049180051, 1.57835969557758
evansville_01_HLL_007_1_5, 0.890000049180051, 1.57835969557758
evansville_01_HLL_007_2_1, 0.890000049180051, 1.57835969557758
evansville_01_HLL_007_2_2, 0.890000049180051, 1.57835969557758
evansville_01_HLL_007_2_3, 0.890000049180051, 1.57835969557758
evansville_01_HLL_007_2_4, 0.890000049180051, 1.57835969557758
evansville_01_HLL_007_2_5, 0.890000049180051, 1.57835969557758
evansville_01_HLL_007_3_1, 0.890000049180051, 1.57835969557758
evansville_01_HLL_007_3_2, 0.890000049180051, 1.57835969557758
evansville_01_HLL_007_3_3, 0.890000049180051, 1.57835969557758
evansville_01_HLL_007_3_4, 0.890000049180051, 1.57835969557758
evansville_01_HLL_007_3_5, 0.890000049180051, 1.57835969557758
evansville_01_HLL_007_4_1, 0.890000049180051, 1.57835969557758
evansville_01_HLL_007_4_2, 0.890000049180051, 1.57835969557758
evansville_01_HLL_007_4_3, 0.890000049180051, 1.57835969557758
evansville_01_HLL_007_4_4, 0.890000049180051, 1.57835969557758
evansville_01_HLL_007_4_5, 0.890000049180051, 1.57835969557758
evansville_01_HLL_007_5_1, 0.890000049180051, 1.57835969557758
evansville_01_HLL_007_5_2, 0.890000049180051, 1.57835969557758
evansville_01_HLL_007_5_3, 0.890000049180051, 1.57835969557758
evansville_01_HLL_007_5_4, 0.890000049180051, 1.57835969557758
evansville_01_HLL_007_5_5, 0.890000049180051, 1.57835969557758
evansville_01_LHH_002_1_1, 0.710000050559811, 1.39835968587205
evansville_01_LHH_002_1_2, 0.710000050559811, 1.39835968587205
evansville_01_LHH_002_1_3, 0.710000050559811, 1.39835968587205
evansville_01_LHH_002_1_4, 0.710000050559811, 1.39835968587205
evansville_01_LHH_002_1_5, 0.710000050559811, 1.39835968587205
evansville_01_LHH_002_2_1, 0.710000050559811, 1.39835968587205
evansville_01_LHH_002_2_2, 0.710000050559811, 1.39835968587205
evansville_01_LHH_002_2_3, 0.710000050559811, 1.39835968587205
evansville_01_LHH_002_2_4, 0.710000050559811, 1.39835968587205
evansville_01_LHH_002_2_5, 0.710000050559811, 1.39835968587205
evansville_01_LHH_002_3_1, 0.710000050559811, 1.39835968587205
evansville_01_LHH_002_3_2, 0.710000050559811, 1.39835968587205
evansville_01_LHH_002_3_3, 0.710000050559811, 1.39835968587205
evansville_01_LHH_002_3_4, 0.710000050559811, 1.39835968587205
evansville_01_LHH_002_3_5, 0.710000050559811, 1.39835968587205
evansville_01_LHH_002_4_1, 0.710000050559811, 1.39835968587205
evansville_01_LHH_002_4_2, 0.710000050559811, 1.39835968587205
evansville_01_LHH_002_4_3, 0.710000050559811, 1.39835968587205
evansville_01_LHH_002_4_4, 0.710000050559811, 1.39835968587205
evansville_01_LHH_002_4_5, 0.710000050559811, 1.39835968587205
evansville_01_LHH_002_5_1, 0.710000050559811, 1.39835968587205
evansville_01_LHH_002_5_2, 0.710000050559811, 1.39835968587205
evansville_01_LHH_002_5_3, 0.710000050559811, 1.39835968587205
evansville_01_LHH_002_5_4, 0.710000050559811, 1.39835968587205
evansville_01_LHH_002_5_5, 0.710000050559811, 1.39835968587205
evansville_01_LHSLL_001_1_1, 0.670000016142384, 1.35835963222734
evansville_01_LHSLL_001_1_2, 0.670000016142384, 1.35835963222734
evansville_01_LHSLL_001_1_3, 0.670000016142384, 1.35835963222734
evansville_01_LHSLL_001_1_4, 0.670000016142384, 1.35835963222734
evansville_01_LHSLL_001_1_5, 0.670000016142384, 1.35835963222734
evansville_01_LHSLL_001_2_1, 0.670000016142384, 1.35835963222734
evansville_01_LHSLL_001_2_2, 0.670000016142384, 1.35835963222734
evansville_01_LHSLL_001_2_3, 0.670000016142384, 1.35835963222734
evansville_01_LHSLL_001_2_4, 0.670000016142384, 1.35835963222734
evansville_01_LHSLL_001_2_5, 0.670000016142384, 1.35835963222734
evansville_01_LHSLL_001_3_1, 0.670000016142384, 1.35835963222734
evansville_01_LHSLL_001_3_2, 0.670000016142384, 1.35835963222734
evansville_01_LHSLL_001_3_3, 0.670000016142384, 1.35835963222734
evansville_01_LHSLL_001_3_4, 0.670000016142384, 1.35835963222734
evansville_01_LHSLL_001_3_5, 0.670000016142384, 1.35835963222734
evansville_01_LHSLL_001_4_1, 0.670000016142384, 1.35835963222734
evansville_01_LHSLL_001_4_2, 0.670000016142384, 1.35835963222734
evansville_01_LHSLL_001_4_3, 0.670000016142384, 1.35835963222734
evansville_01_LHSLL_001_4_4, 0.670000016142384, 1.35835963222734
evansville_01_LHSLL_001_4_5, 0.670000016142384, 1.35835963222734
evansville_01_LHSLL_001_5_1, 0.670000016142384, 1.35835963222734
evansville_01_LHSLL_001_5_2, 0.670000016142384, 1.35835963222734
evansville_01_LHSLL_001_5_3, 0.670000016142384, 1.35835963222734
evansville_01_LHSLL_001_5_4, 0.670000016142384, 1.35835963222734
evansville_01_LHSLL_001_5_5, 0.670000016142384, 1.35835963222734
evansville_01_LSHLL_001_1_1, 0.850000010189784, 1.53835961450401
evansville_01_LSHLL_001_1_2, 0.850000010189784, 1.53835961450401
evansville_01_LSHLL_001_1_3, 0.850000010189784, 1.53835961450401
evansville_01_LSHLL_001_1_4, 0.850000010189784, 1.53835961450401
evansville_01_LSHLL_001_1_5, 0.850000010189784, 1.53835961450401
evansville_01_LSHLL_001_2_1, 0.850000010189784, 1.53835961450401
evansville_01_LSHLL_001_2_2, 0.850000010189784, 1.53835961450401
evansville_01_LSHLL_001_2_3, 0.850000010189784, 1.53835961450401
evansville_01_LSHLL_001_2_4, 0.850000010189784, 1.53835961450401
evansville_01_LSHLL_001_2_5, 0.850000010189784, 1.53835961450401
evansville_01_LSHLL_001_3_1, 0.850000010189784, 1.53835961450401
evansville_01_LSHLL_001_3_2, 0.850000010189784, 1.53835961450401
evansville_01_LSHLL_001_3_3, 0.850000010189784, 1.53835961450401
evansville_01_LSHLL_001_3_4, 0.850000010189784, 1.53835961450401
evansville_01_LSHLL_001_3_5, 0.850000010189784, 1.53835961450401
evansville_01_LSHLL_001_4_1, 0.850000010189784, 1.53835961450401
evansville_01_LSHLL_001_4_2, 0.850000010189784, 1.53835961450401
evansville_01_LSHLL_001_4_3, 0.850000010189784, 1.53835961450401
evansville_01_LSHLL_001_4_4, 0.850000010189784, 1.53835961450401
evansville_01_LSHLL_001_4_5, 0.850000010189784, 1.53835961450401
evansville_01_LSHLL_001_5_1, 0.850000010189784, 1.53835961450401
evansville_01_LSHLL_001_5_2, 0.850000010189784, 1.53835961450401
evansville_01_LSHLL_001_5_3, 0.850000010189784, 1.53835961450401
evansville_01_LSHLL_001_5_4, 0.850000010189784, 1.53835961450401
evansville_01_LSHLL_001_5_5, 0.850000010189784, 1.53835961450401
governor_01_HHH_002_1_1, 0.62373895671419, 1.31209856503735
governor_01_HHH_002_1_2, 0.62373895671419, 1.31209856503735
governor_01_HHH_002_1_3, 0.62373895671419, 1.31209856503735
governor_01_HHH_002_1_4, 0.62373895671419, 1.31209856503735
governor_01_HHH_002_1_5, 0.62373895671419, 1.31209856503735
governor_01_HHH_002_2_1, 0.62373895671419, 1.31209856503735
governor_01_HHH_002_2_2, 0.62373895671419, 1.31209856503735
governor_01_HHH_002_2_3, 0.62373895671419, 1.31209856503735
governor_01_HHH_002_2_4, 0.62373895671419, 1.31209856503735
governor_01_HHH_002_2_5, 0.62373895671419, 1.31209856503735
governor_01_HHH_002_3_1, 0.62373895671419, 1.31209856503735
governor_01_HHH_002_3_2, 0.62373895671419, 1.31209856503735
governor_01_HHH_002_3_3, 0.62373895671419, 1.31209856503735
governor_01_HHH_002_3_4, 0.62373895671419, 1.31209856503735
governor_01_HHH_002_3_5, 0.62373895671419, 1.31209856503735
governor_01_HHH_002_4_1, 0.62373895671419, 1.31209856503735
governor_01_HHH_002_4_2, 0.62373895671419, 1.31209856503735
governor_01_HHH_002_4_3, 0.62373895671419, 1.31209856503735
governor_01_HHH_002_4_4, 0.62373895671419, 1.31209856503735
governor_01_HHH_002_4_5, 0.62373895671419, 1.31209856503735
governor_01_HHH_002_5_1, 0.62373895671419, 1.31209856503735
governor_01_HHH_002_5_2, 0.62373895671419, 1.31209856503735
governor_01_HHH_002_5_3, 0.62373895671419, 1.31209856503735
governor_01_HHH_002_5_4, 0.62373895671419, 1.31209856503735
governor_01_HHH_002_5_5, 0.62373895671419, 1.31209856503735
governor_01_HLL_001_1_1, 0.504496610976163, 1.19285620241178
governor_01_HLL_001_1_2, 0.504496610976163, 1.19285620241178
governor_01_HLL_001_1_3, 0.504496610976163, 1.19285620241178
governor_01_HLL_001_1_4, 0.504496610976163, 1.19285620241178
governor_01_HLL_001_1_5, 0.504496610976163, 1.19285620241178
governor_01_HLL_001_2_1, 0.504496610976163, 1.19285620241178
governor_01_HLL_001_2_2, 0.504496610976163, 1.19285620241178
governor_01_HLL_001_2_3, 0.504496610976163, 1.19285620241178
governor_01_HLL_001_2_4, 0.504496610976163, 1.19285620241178
governor_01_HLL_001_2_5, 0.504496610976163, 1.19285620241178
governor_01_HLL_001_3_1, 0.504496610976163, 1.19285620241178
governor_01_HLL_001_3_2, 0.504496610976163, 1.19285620241178
governor_01_HLL_001_3_3, 0.504496610976163, 1.19285620241178
governor_01_HLL_001_3_4, 0.504496610976163, 1.19285620241178
governor_01_HLL_001_3_5, 0.504496610976163, 1.19285620241178
governor_01_HLL_001_4_1, 0.504496610976163, 1.19285620241178
governor_01_HLL_001_4_2, 0.504496610976163, 1.19285620241178
governor_01_HLL_001_4_3, 0.504496610976163, 1.19285620241178
governor_01_HLL_001_4_4, 0.504496610976163, 1.19285620241178
governor_01_HLL_001_4_5, 0.504496610976163, 1.19285620241178
governor_01_HLL_001_5_1, 0.504496610976163, 1.19285620241178
governor_01_HLL_001_5_2, 0.504496610976163, 1.19285620241178
governor_01_HLL_001_5_3, 0.504496610976163, 1.19285620241178
governor_01_HLL_001_5_4, 0.504496610976163, 1.19285620241178
governor_01_HLL_001_5_5, 0.504496610976163, 1.19285620241178
governor_01_LHH_002_1_1, 0.823492783785632, 1.5118523623795
governor_01_LHH_002_1_2, 0.823492783785632, 1.5118523623795
governor_01_LHH_002_1_3, 0.823492783785632, 1.5118523623795
governor_01_LHH_002_1_4, 0.823492783785632, 1.5118523623795
governor_01_LHH_002_1_5, 0.823492783785632, 1.5118523623795
governor_01_LHH_002_2_1, 0.823492783785632, 1.5118523623795
governor_01_LHH_002_2_2, 0.823492783785632, 1.5118523623795
governor_01_LHH_002_2_3, 0.823492783785632, 1.5118523623795
governor_01_LHH_002_2_4, 0.823492783785632, 1.5118523623795
governor_01_LHH_002_2_5, 0.823492783785632, 1.5118523623795
governor_01_LHH_002_3_1, 0.823492783785632, 1.5118523623795
governor_01_LHH_002_3_2, 0.823492783785632, 1.5118523623795
governor_01_LHH_002_3_3, 0.823492783785632, 1.5118523623795
governor_01_LHH_002_3_4, 0.823492783785632, 1.5118523623795
governor_01_LHH_002_3_5, 0.823492783785632, 1.5118523623795
governor_01_LHH_002_4_1, 0.823492783785632, 1.5118523623795
governor_01_LHH_002_4_2, 0.823492783785632, 1.5118523623795
governor_01_LHH_002_4_3, 0.823492783785632, 1.5118523623795
governor_01_LHH_002_4_4, 0.823492783785632, 1.5118523623795
governor_01_LHH_002_4_5, 0.823492783785632, 1.5118523623795
governor_01_LHH_002_5_1, 0.823492783785632, 1.5118523623795
governor_01_LHH_002_5_2, 0.823492783785632, 1.5118523623795
governor_01_LHH_002_5_3, 0.823492783785632, 1.5118523623795
governor_01_LHH_002_5_4, 0.823492783785632, 1.5118523623795
governor_01_LHH_002_5_5, 0.823492783785632, 1.5118523623795
governor_01_LHSLL_001_1_1, 0.453886113434015, 1.14224571110596
governor_01_LHSLL_001_1_2, 0.453886113434015, 1.14224571110596
governor_01_LHSLL_001_1_3, 0.453886113434015, 1.14224571110596
governor_01_LHSLL_001_1_4, 0.453886113434015, 1.14224571110596
governor_01_LHSLL_001_1_5, 0.453886113434015, 1.14224571110596
governor_01_LHSLL_001_2_1, 0.453886113434015, 1.14224571110596
governor_01_LHSLL_001_2_2, 0.453886113434015, 1.14224571110596
governor_01_LHSLL_001_2_3, 0.453886113434015, 1.14224571110596
governor_01_LHSLL_001_2_4, 0.453886113434015, 1.14224571110596
governor_01_LHSLL_001_2_5, 0.453886113434015, 1.14224571110596
governor_01_LHSLL_001_3_1, 0.453886113434015, 1.14224571110596
governor_01_LHSLL_001_3_2, 0.453886113434015, 1.14224571110596
governor_01_LHSLL_001_3_3, 0.453886113434015, 1.14224571110596
governor_01_LHSLL_001_3_4, 0.453886113434015, 1.14224571110596
governor_01_LHSLL_001_3_5, 0.453886113434015, 1.14224571110596
governor_01_LHSLL_001_4_1, 0.453886113434015, 1.14224571110596
governor_01_LHSLL_001_4_2, 0.453886113434015, 1.14224571110596
governor_01_LHSLL_001_4_3, 0.453886113434015, 1.14224571110596
governor_01_LHSLL_001_4_4, 0.453886113434015, 1.14224571110596
governor_01_LHSLL_001_4_5, 0.453886113434015, 1.14224571110596
governor_01_LHSLL_001_5_1, 0.453886113434015, 1.14224571110596
governor_01_LHSLL_001_5_2, 0.453886113434015, 1.14224571110596
governor_01_LHSLL_001_5_3, 0.453886113434015, 1.14224571110596
governor_01_LHSLL_001_5_4, 0.453886113434015, 1.14224571110596
governor_01_LHSLL_001_5_5, 0.453886113434015, 1.14224571110596
grandma_01_HHH_010_1_1, 0.552731397957285, 1.22857306573182
grandma_01_HHH_010_1_2, 0.552731397957285, 1.22857306573182
grandma_01_HHH_010_1_3, 0.552731397957285, 1.22857306573182
grandma_01_HHH_010_1_4, 0.552731397957285, 1.22857306573182
grandma_01_HHH_010_1_5, 0.552731397957285, 1.22857306573182
grandma_01_HHH_010_2_1, 0.552731397957285, 1.22857306573182
grandma_01_HHH_010_2_2, 0.552731397957285, 1.22857306573182
grandma_01_HHH_010_2_3, 0.552731397957285, 1.22857306573182
grandma_01_HHH_010_2_4, 0.552731397957285, 1.22857306573182
grandma_01_HHH_010_2_5, 0.552731397957285, 1.22857306573182
grandma_01_HHH_010_3_1, 0.552731397957285, 1.22857306573182
grandma_01_HHH_010_3_2, 0.552731397957285, 1.22857306573182
grandma_01_HHH_010_3_3, 0.552731397957285, 1.22857306573182
grandma_01_HHH_010_3_4, 0.552731397957285, 1.22857306573182
grandma_01_HHH_010_3_5, 0.552731397957285, 1.22857306573182
grandma_01_HHH_010_4_1, 0.552731397957285, 1.22857306573182
grandma_01_HHH_010_4_2, 0.552731397957285, 1.22857306573182
grandma_01_HHH_010_4_3, 0.552731397957285, 1.22857306573182
grandma_01_HHH_010_4_4, 0.552731397957285, 1.22857306573182
grandma_01_HHH_010_4_5, 0.552731397957285, 1.22857306573182
grandma_01_HHH_010_5_1, 0.552731397957285, 1.22857306573182
grandma_01_HHH_010_5_2, 0.552731397957285, 1.22857306573182
grandma_01_HHH_010_5_3, 0.552731397957285, 1.22857306573182
grandma_01_HHH_010_5_4, 0.552731397957285, 1.22857306573182
grandma_01_HHH_010_5_5, 0.552731397957285, 1.22857306573182
grandma_01_HLL_008_1_1, 0.657305835794746, 1.33314749166506
grandma_01_HLL_008_1_2, 0.657305835794746, 1.33314749166506
grandma_01_HLL_008_1_3, 0.657305835794746, 1.33314749166506
grandma_01_HLL_008_1_4, 0.657305835794746, 1.33314749166506
grandma_01_HLL_008_1_5, 0.657305835794746, 1.33314749166506
grandma_01_HLL_008_2_1, 0.657305835794746, 1.33314749166506
grandma_01_HLL_008_2_2, 0.657305835794746, 1.33314749166506
grandma_01_HLL_008_2_3, 0.657305835794746, 1.33314749166506
grandma_01_HLL_008_2_4, 0.657305835794746, 1.33314749166506
grandma_01_HLL_008_2_5, 0.657305835794746, 1.33314749166506
grandma_01_HLL_008_3_1, 0.657305835794746, 1.33314749166506
grandma_01_HLL_008_3_2, 0.657305835794746, 1.33314749166506
grandma_01_HLL_008_3_3, 0.657305835794746, 1.33314749166506
grandma_01_HLL_008_3_4, 0.657305835794746, 1.33314749166506
grandma_01_HLL_008_3_5, 0.657305835794746, 1.33314749166506
grandma_01_HLL_008_4_1, 0.657305835794746, 1.33314749166506
grandma_01_HLL_008_4_2, 0.657305835794746, 1.33314749166506
grandma_01_HLL_008_4_3, 0.657305835794746, 1.33314749166506
grandma_01_HLL_008_4_4, 0.657305835794746, 1.33314749166506
grandma_01_HLL_008_4_5, 0.657305835794746, 1.33314749166506
grandma_01_HLL_008_5_1, 0.657305835794746, 1.33314749166506
grandma_01_HLL_008_5_2, 0.657305835794746, 1.33314749166506
grandma_01_HLL_008_5_3, 0.657305835794746, 1.33314749166506
grandma_01_HLL_008_5_4, 0.657305835794746, 1.33314749166506
grandma_01_HLL_008_5_5, 0.657305835794746, 1.33314749166506
grandma_01_LHH_002_1_1, 0.625334895882132, 1.30117654765006
grandma_01_LHH_002_1_2, 0.625334895882132, 1.30117654765006
grandma_01_LHH_002_1_3, 0.625334895882132, 1.30117654765006
grandma_01_LHH_002_1_4, 0.625334895882132, 1.30117654765006
grandma_01_LHH_002_1_5, 0.625334895882132, 1.30117654765006
grandma_01_LHH_002_2_1, 0.625334895882132, 1.30117654765006
grandma_01_LHH_002_2_2, 0.625334895882132, 1.30117654765006
grandma_01_LHH_002_2_3, 0.625334895882132, 1.30117654765006
grandma_01_LHH_002_2_4, 0.625334895882132, 1.30117654765006
grandma_01_LHH_002_2_5, 0.625334895882132, 1.30117654765006
grandma_01_LHH_002_3_1, 0.625334895882132, 1.30117654765006
grandma_01_LHH_002_3_2, 0.625334895882132, 1.30117654765006
grandma_01_LHH_002_3_3, 0.625334895882132, 1.30117654765006
grandma_01_LHH_002_3_4, 0.625334895882132, 1.30117654765006
grandma_01_LHH_002_3_5, 0.625334895882132, 1.30117654765006
grandma_01_LHH_002_4_1, 0.625334895882132, 1.30117654765006
grandma_01_LHH_002_4_2, 0.625334895882132, 1.30117654765006
grandma_01_LHH_002_4_3, 0.625334895882132, 1.30117654765006
grandma_01_LHH_002_4_4, 0.625334895882132, 1.30117654765006
grandma_01_LHH_002_4_5, 0.625334895882132, 1.30117654765006
grandma_01_LHH_002_5_1, 0.625334895882132, 1.30117654765006
grandma_01_LHH_002_5_2, 0.625334895882132, 1.30117654765006
grandma_01_LHH_002_5_3, 0.625334895882132, 1.30117654765006
grandma_01_LHH_002_5_4, 0.625334895882132, 1.30117654765006
grandma_01_LHH_002_5_5, 0.625334895882132, 1.30117654765006
grandma_01_LHSLL_003_1_1, 0.582940863510866, 1.25878251744442
grandma_01_LHSLL_003_1_2, 0.582940863510866, 1.25878251744442
grandma_01_LHSLL_003_1_3, 0.582940863510866, 1.25878251744442
grandma_01_LHSLL_003_1_4, 0.582940863510866, 1.25878251744442
grandma_01_LHSLL_003_1_5, 0.582940863510866, 1.25878251744442
grandma_01_LHSLL_003_2_1, 0.582940863510866, 1.25878251744442
grandma_01_LHSLL_003_2_2, 0.582940863510866, 1.25878251744442
grandma_01_LHSLL_003_2_3, 0.582940863510866, 1.25878251744442
grandma_01_LHSLL_003_2_4, 0.582940863510866, 1.25878251744442
grandma_01_LHSLL_003_2_5, 0.582940863510866, 1.25878251744442
grandma_01_LHSLL_003_3_1, 0.582940863510866, 1.25878251744442
grandma_01_LHSLL_003_3_2, 0.582940863510866, 1.25878251744442
grandma_01_LHSLL_003_3_3, 0.582940863510866, 1.25878251744442
grandma_01_LHSLL_003_3_4, 0.582940863510866, 1.25878251744442
grandma_01_LHSLL_003_3_5, 0.582940863510866, 1.25878251744442
grandma_01_LHSLL_003_4_1, 0.582940863510866, 1.25878251744442
grandma_01_LHSLL_003_4_2, 0.582940863510866, 1.25878251744442
grandma_01_LHSLL_003_4_3, 0.582940863510866, 1.25878251744442
grandma_01_LHSLL_003_4_4, 0.582940863510866, 1.25878251744442
grandma_01_LHSLL_003_4_5, 0.582940863510866, 1.25878251744442
grandma_01_LHSLL_003_5_1, 0.582940863510866, 1.25878251744442
grandma_01_LHSLL_003_5_2, 0.582940863510866, 1.25878251744442
grandma_01_LHSLL_003_5_3, 0.582940863510866, 1.25878251744442
grandma_01_LHSLL_003_5_4, 0.582940863510866, 1.25878251744442
grandma_01_LHSLL_003_5_5, 0.582940863510866, 1.25878251744442
grandma_01_LSHLL_005_1_1, 0.740493187246338, 1.41633483964169
grandma_01_LSHLL_005_1_2, 0.740493187246338, 1.41633483964169
grandma_01_LSHLL_005_1_3, 0.740493187246338, 1.41633483964169
grandma_01_LSHLL_005_1_4, 0.740493187246338, 1.41633483964169
grandma_01_LSHLL_005_1_5, 0.740493187246338, 1.41633483964169
grandma_01_LSHLL_005_2_1, 0.740493187246338, 1.41633483964169
grandma_01_LSHLL_005_2_2, 0.740493187246338, 1.41633483964169
grandma_01_LSHLL_005_2_3, 0.740493187246338, 1.41633483964169
grandma_01_LSHLL_005_2_4, 0.740493187246338, 1.41633483964169
grandma_01_LSHLL_005_2_5, 0.740493187246338, 1.41633483964169
grandma_01_LSHLL_005_3_1, 0.740493187246338, 1.41633483964169
grandma_01_LSHLL_005_3_2, 0.740493187246338, 1.41633483964169
grandma_01_LSHLL_005_3_3, 0.740493187246338, 1.41633483964169
grandma_01_LSHLL_005_3_4, 0.740493187246338, 1.41633483964169
grandma_01_LSHLL_005_3_5, 0.740493187246338, 1.41633483964169
grandma_01_LSHLL_005_4_1, 0.740493187246338, 1.41633483964169
grandma_01_LSHLL_005_4_2, 0.740493187246338, 1.41633483964169
grandma_01_LSHLL_005_4_3, 0.740493187246338, 1.41633483964169
grandma_01_LSHLL_005_4_4, 0.740493187246338, 1.41633483964169
grandma_01_LSHLL_005_4_5, 0.740493187246338, 1.41633483964169
grandma_01_LSHLL_005_5_1, 0.740493187246338, 1.41633483964169
grandma_01_LSHLL_005_5_2, 0.740493187246338, 1.41633483964169
grandma_01_LSHLL_005_5_3, 0.740493187246338, 1.41633483964169
grandma_01_LSHLL_005_5_4, 0.740493187246338, 1.41633483964169
grandma_01_LSHLL_005_5_5, 0.740493187246338, 1.41633483964169
grandmother_01_HHH_002_1_1, 0.586963324709004, 1.27532288436503
grandmother_01_HHH_002_1_2, 0.586963324709004, 1.27532288436503
grandmother_01_HHH_002_1_3, 0.586963324709004, 1.27532288436503
grandmother_01_HHH_002_1_4, 0.586963324709004, 1.27532288436503
grandmother_01_HHH_002_1_5, 0.586963324709004, 1.27532288436503
grandmother_01_HHH_002_2_1, 0.586963324709004, 1.27532288436503
grandmother_01_HHH_002_2_2, 0.586963324709004, 1.27532288436503
grandmother_01_HHH_002_2_3, 0.586963324709004, 1.27532288436503
grandmother_01_HHH_002_2_4, 0.586963324709004, 1.27532288436503
grandmother_01_HHH_002_2_5, 0.586963324709004, 1.27532288436503
grandmother_01_HHH_002_3_1, 0.586963324709004, 1.27532288436503
grandmother_01_HHH_002_3_2, 0.586963324709004, 1.27532288436503
grandmother_01_HHH_002_3_3, 0.586963324709004, 1.27532288436503
grandmother_01_HHH_002_3_4, 0.586963324709004, 1.27532288436503
grandmother_01_HHH_002_3_5, 0.586963324709004, 1.27532288436503
grandmother_01_HHH_002_4_1, 0.586963324709004, 1.27532288436503
grandmother_01_HHH_002_4_2, 0.586963324709004, 1.27532288436503
grandmother_01_HHH_002_4_3, 0.586963324709004, 1.27532288436503
grandmother_01_HHH_002_4_4, 0.586963324709004, 1.27532288436503
grandmother_01_HHH_002_4_5, 0.586963324709004, 1.27532288436503
grandmother_01_HHH_002_5_1, 0.586963324709004, 1.27532288436503
grandmother_01_HHH_002_5_2, 0.586963324709004, 1.27532288436503
grandmother_01_HHH_002_5_3, 0.586963324709004, 1.27532288436503
grandmother_01_HHH_002_5_4, 0.586963324709004, 1.27532288436503
grandmother_01_HHH_002_5_5, 0.586963324709004, 1.27532288436503
grandmother_01_HLL_002_1_1, 0.452861489332812, 1.14122105983491
grandmother_01_HLL_002_1_2, 0.452861489332812, 1.14122105983491
grandmother_01_HLL_002_1_3, 0.452861489332812, 1.14122105983491
grandmother_01_HLL_002_1_4, 0.452861489332812, 1.14122105983491
grandmother_01_HLL_002_1_5, 0.452861489332812, 1.14122105983491
grandmother_01_HLL_002_2_1, 0.452861489332812, 1.14122105983491
grandmother_01_HLL_002_2_2, 0.452861489332812, 1.14122105983491
grandmother_01_HLL_002_2_3, 0.452861489332812, 1.14122105983491
grandmother_01_HLL_002_2_4, 0.452861489332812, 1.14122105983491
grandmother_01_HLL_002_2_5, 0.452861489332812, 1.14122105983491
grandmother_01_HLL_002_3_1, 0.452861489332812, 1.14122105983491
grandmother_01_HLL_002_3_2, 0.452861489332812, 1.14122105983491
grandmother_01_HLL_002_3_3, 0.452861489332812, 1.14122105983491
grandmother_01_HLL_002_3_4, 0.452861489332812, 1.14122105983491
grandmother_01_HLL_002_3_5, 0.452861489332812, 1.14122105983491
grandmother_01_HLL_002_4_1, 0.452861489332812, 1.14122105983491
grandmother_01_HLL_002_4_2, 0.452861489332812, 1.14122105983491
grandmother_01_HLL_002_4_3, 0.452861489332812, 1.14122105983491
grandmother_01_HLL_002_4_4, 0.452861489332812, 1.14122105983491
grandmother_01_HLL_002_4_5, 0.452861489332812, 1.14122105983491
grandmother_01_HLL_002_5_1, 0.452861489332812, 1.14122105983491
grandmother_01_HLL_002_5_2, 0.452861489332812, 1.14122105983491
grandmother_01_HLL_002_5_3, 0.452861489332812, 1.14122105983491
grandmother_01_HLL_002_5_4, 0.452861489332812, 1.14122105983491
grandmother_01_HLL_002_5_5, 0.452861489332812, 1.14122105983491
grandmother_01_LHH_005_1_1, 0.750919188245908, 1.4392787555115
grandmother_01_LHH_005_1_2, 0.750919188245908, 1.4392787555115
grandmother_01_LHH_005_1_3, 0.750919188245908, 1.4392787555115
grandmother_01_LHH_005_1_4, 0.750919188245908, 1.4392787555115
grandmother_01_LHH_005_1_5, 0.750919188245908, 1.4392787555115
grandmother_01_LHH_005_2_1, 0.750919188245908, 1.4392787555115
grandmother_01_LHH_005_2_2, 0.750919188245908, 1.4392787555115
grandmother_01_LHH_005_2_3, 0.750919188245908, 1.4392787555115
grandmother_01_LHH_005_2_4, 0.750919188245908, 1.4392787555115
grandmother_01_LHH_005_2_5, 0.750919188245908, 1.4392787555115
grandmother_01_LHH_005_3_1, 0.750919188245908, 1.4392787555115
grandmother_01_LHH_005_3_2, 0.750919188245908, 1.4392787555115
grandmother_01_LHH_005_3_3, 0.750919188245908, 1.4392787555115
grandmother_01_LHH_005_3_4, 0.750919188245908, 1.4392787555115
grandmother_01_LHH_005_3_5, 0.750919188245908, 1.4392787555115
grandmother_01_LHH_005_4_1, 0.750919188245908, 1.4392787555115
grandmother_01_LHH_005_4_2, 0.750919188245908, 1.4392787555115
grandmother_01_LHH_005_4_3, 0.750919188245908, 1.4392787555115
grandmother_01_LHH_005_4_4, 0.750919188245908, 1.4392787555115
grandmother_01_LHH_005_4_5, 0.750919188245908, 1.4392787555115
grandmother_01_LHH_005_5_1, 0.750919188245908, 1.4392787555115
grandmother_01_LHH_005_5_2, 0.750919188245908, 1.4392787555115
grandmother_01_LHH_005_5_3, 0.750919188245908, 1.4392787555115
grandmother_01_LHH_005_5_4, 0.750919188245908, 1.4392787555115
grandmother_01_LHH_005_5_5, 0.750919188245908, 1.4392787555115
grandmother_01_LSHLL_008_1_1, 0.615605737454839, 1.30396530258575
grandmother_01_LSHLL_008_1_2, 0.615605737454839, 1.30396530258575
grandmother_01_LSHLL_008_1_3, 0.615605737454839, 1.30396530258575
grandmother_01_LSHLL_008_1_4, 0.615605737454839, 1.30396530258575
grandmother_01_LSHLL_008_1_5, 0.615605737454839, 1.30396530258575
grandmother_01_LSHLL_008_2_1, 0.615605737454839, 1.30396530258575
grandmother_01_LSHLL_008_2_2, 0.615605737454839, 1.30396530258575
grandmother_01_LSHLL_008_2_3, 0.615605737454839, 1.30396530258575
grandmother_01_LSHLL_008_2_4, 0.615605737454839, 1.30396530258575
grandmother_01_LSHLL_008_2_5, 0.615605737454839, 1.30396530258575
grandmother_01_LSHLL_008_3_1, 0.615605737454839, 1.30396530258575
grandmother_01_LSHLL_008_3_2, 0.615605737454839, 1.30396530258575
grandmother_01_LSHLL_008_3_3, 0.615605737454839, 1.30396530258575
grandmother_01_LSHLL_008_3_4, 0.615605737454839, 1.30396530258575
grandmother_01_LSHLL_008_3_5, 0.615605737454839, 1.30396530258575
grandmother_01_LSHLL_008_4_1, 0.615605737454839, 1.30396530258575
grandmother_01_LSHLL_008_4_2, 0.615605737454839, 1.30396530258575
grandmother_01_LSHLL_008_4_3, 0.615605737454839, 1.30396530258575
grandmother_01_LSHLL_008_4_4, 0.615605737454839, 1.30396530258575
grandmother_01_LSHLL_008_4_5, 0.615605737454839, 1.30396530258575
grandmother_01_LSHLL_008_5_1, 0.615605737454839, 1.30396530258575
grandmother_01_LSHLL_008_5_2, 0.615605737454839, 1.30396530258575
grandmother_01_LSHLL_008_5_3, 0.615605737454839, 1.30396530258575
grandmother_01_LSHLL_008_5_4, 0.615605737454839, 1.30396530258575
grandmother_01_LSHLL_008_5_5, 0.615605737454839, 1.30396530258575
greenview_01_HHH_002_1_1, 0.71000000765772, 1.38584167927484
greenview_01_HHH_002_1_2, 0.71000000765772, 1.38584167927484
greenview_01_HHH_002_1_3, 0.71000000765772, 1.38584167927484
greenview_01_HHH_002_1_4, 0.71000000765772, 1.38584167927484
greenview_01_HHH_002_1_5, 0.71000000765772, 1.38584167927484
greenview_01_HHH_002_2_1, 0.71000000765772, 1.38584167927484
greenview_01_HHH_002_2_2, 0.71000000765772, 1.38584167927484
greenview_01_HHH_002_2_3, 0.71000000765772, 1.38584167927484
greenview_01_HHH_002_2_4, 0.71000000765772, 1.38584167927484
greenview_01_HHH_002_2_5, 0.71000000765772, 1.38584167927484
greenview_01_HHH_002_3_1, 0.71000000765772, 1.38584167927484
greenview_01_HHH_002_3_2, 0.71000000765772, 1.38584167927484
greenview_01_HHH_002_3_3, 0.71000000765772, 1.38584167927484
greenview_01_HHH_002_3_4, 0.71000000765772, 1.38584167927484
greenview_01_HHH_002_3_5, 0.71000000765772, 1.38584167927484
greenview_01_HHH_002_4_1, 0.71000000765772, 1.38584167927484
greenview_01_HHH_002_4_2, 0.71000000765772, 1.38584167927484
greenview_01_HHH_002_4_3, 0.71000000765772, 1.38584167927484
greenview_01_HHH_002_4_4, 0.71000000765772, 1.38584167927484
greenview_01_HHH_002_4_5, 0.71000000765772, 1.38584167927484
greenview_01_HHH_002_5_1, 0.71000000765772, 1.38584167927484
greenview_01_HHH_002_5_2, 0.71000000765772, 1.38584167927484
greenview_01_HHH_002_5_3, 0.71000000765772, 1.38584167927484
greenview_01_HHH_002_5_4, 0.71000000765772, 1.38584167927484
greenview_01_HHH_002_5_5, 0.71000000765772, 1.38584167927484
greenview_01_HLL_006_1_1, 0.730000000762861, 1.40584167236973
greenview_01_HLL_006_1_2, 0.730000000762861, 1.40584167236973
greenview_01_HLL_006_1_3, 0.730000000762861, 1.40584167236973
greenview_01_HLL_006_1_4, 0.730000000762861, 1.40584167236973
greenview_01_HLL_006_1_5, 0.730000000762861, 1.40584167236973
greenview_01_HLL_006_2_1, 0.730000000762861, 1.40584167236973
greenview_01_HLL_006_2_2, 0.730000000762861, 1.40584167236973
greenview_01_HLL_006_2_3, 0.730000000762861, 1.40584167236973
greenview_01_HLL_006_2_4, 0.730000000762861, 1.40584167236973
greenview_01_HLL_006_2_5, 0.730000000762861, 1.40584167236973
greenview_01_HLL_006_3_1, 0.730000000762861, 1.40584167236973
greenview_01_HLL_006_3_2, 0.730000000762861, 1.40584167236973
greenview_01_HLL_006_3_3, 0.730000000762861, 1.40584167236973
greenview_01_HLL_006_3_4, 0.730000000762861, 1.40584167236973
greenview_01_HLL_006_3_5, 0.730000000762861, 1.40584167236973
greenview_01_HLL_006_4_1, 0.730000000762861, 1.40584167236973
greenview_01_HLL_006_4_2, 0.730000000762861, 1.40584167236973
greenview_01_HLL_006_4_3, 0.730000000762861, 1.40584167236973
greenview_01_HLL_006_4_4, 0.730000000762861, 1.40584167236973
greenview_01_HLL_006_4_5, 0.730000000762861, 1.40584167236973
greenview_01_HLL_006_5_1, 0.730000000762861, 1.40584167236973
greenview_01_HLL_006_5_2, 0.730000000762861, 1.40584167236973
greenview_01_HLL_006_5_3, 0.730000000762861, 1.40584167236973
greenview_01_HLL_006_5_4, 0.730000000762861, 1.40584167236973
greenview_01_HLL_006_5_5, 0.730000000762861, 1.40584167236973
greenview_01_LHH_011_1_1, 0.750000001074169, 1.42584166827447
greenview_01_LHH_011_1_2, 0.750000001074169, 1.42584166827447
greenview_01_LHH_011_1_3, 0.750000001074169, 1.42584166827447
greenview_01_LHH_011_1_4, 0.750000001074169, 1.42584166827447
greenview_01_LHH_011_1_5, 0.750000001074169, 1.42584166827447
greenview_01_LHH_011_2_1, 0.750000001074169, 1.42584166827447
greenview_01_LHH_011_2_2, 0.750000001074169, 1.42584166827447
greenview_01_LHH_011_2_3, 0.750000001074169, 1.42584166827447
greenview_01_LHH_011_2_4, 0.750000001074169, 1.42584166827447
greenview_01_LHH_011_2_5, 0.750000001074169, 1.42584166827447
greenview_01_LHH_011_3_1, 0.750000001074169, 1.42584166827447
greenview_01_LHH_011_3_2, 0.750000001074169, 1.42584166827447
greenview_01_LHH_011_3_3, 0.750000001074169, 1.42584166827447
greenview_01_LHH_011_3_4, 0.750000001074169, 1.42584166827447
greenview_01_LHH_011_3_5, 0.750000001074169, 1.42584166827447
greenview_01_LHH_011_4_1, 0.750000001074169, 1.42584166827447
greenview_01_LHH_011_4_2, 0.750000001074169, 1.42584166827447
greenview_01_LHH_011_4_3, 0.750000001074169, 1.42584166827447
greenview_01_LHH_011_4_4, 0.750000001074169, 1.42584166827447
greenview_01_LHH_011_4_5, 0.750000001074169, 1.42584166827447
greenview_01_LHH_011_5_1, 0.750000001074169, 1.42584166827447
greenview_01_LHH_011_5_2, 0.750000001074169, 1.42584166827447
greenview_01_LHH_011_5_3, 0.750000001074169, 1.42584166827447
greenview_01_LHH_011_5_4, 0.750000001074169, 1.42584166827447
greenview_01_LHH_011_5_5, 0.750000001074169, 1.42584166827447
greenview_01_LHSLL_001_1_1, 0.688860834356666, 1.36470249400792
greenview_01_LHSLL_001_1_2, 0.688860834356666, 1.36470249400792
greenview_01_LHSLL_001_1_3, 0.688860834356666, 1.36470249400792
greenview_01_LHSLL_001_1_4, 0.688860834356666, 1.36470249400792
greenview_01_LHSLL_001_1_5, 0.688860834356666, 1.36470249400792
greenview_01_LHSLL_001_2_1, 0.688860834356666, 1.36470249400792
greenview_01_LHSLL_001_2_2, 0.688860834356666, 1.36470249400792
greenview_01_LHSLL_001_2_3, 0.688860834356666, 1.36470249400792
greenview_01_LHSLL_001_2_4, 0.688860834356666, 1.36470249400792
greenview_01_LHSLL_001_2_5, 0.688860834356666, 1.36470249400792
greenview_01_LHSLL_001_3_1, 0.688860834356666, 1.36470249400792
greenview_01_LHSLL_001_3_2, 0.688860834356666, 1.36470249400792
greenview_01_LHSLL_001_3_3, 0.688860834356666, 1.36470249400792
greenview_01_LHSLL_001_3_4, 0.688860834356666, 1.36470249400792
greenview_01_LHSLL_001_3_5, 0.688860834356666, 1.36470249400792
greenview_01_LHSLL_001_4_1, 0.688860834356666, 1.36470249400792
greenview_01_LHSLL_001_4_2, 0.688860834356666, 1.36470249400792
greenview_01_LHSLL_001_4_3, 0.688860834356666, 1.36470249400792
greenview_01_LHSLL_001_4_4, 0.688860834356666, 1.36470249400792
greenview_01_LHSLL_001_4_5, 0.688860834356666, 1.36470249400792
greenview_01_LHSLL_001_5_1, 0.688860834356666, 1.36470249400792
greenview_01_LHSLL_001_5_2, 0.688860834356666, 1.36470249400792
greenview_01_LHSLL_001_5_3, 0.688860834356666, 1.36470249400792
greenview_01_LHSLL_001_5_4, 0.688860834356666, 1.36470249400792
greenview_01_LHSLL_001_5_5, 0.688860834356666, 1.36470249400792
greenview_01_LSHLL_001_1_1, 0.929999986203685, 1.60584164287552
greenview_01_LSHLL_001_1_2, 0.929999986203685, 1.60584164287552
greenview_01_LSHLL_001_1_3, 0.929999986203685, 1.60584164287552
greenview_01_LSHLL_001_1_4, 0.929999986203685, 1.60584164287552
greenview_01_LSHLL_001_1_5, 0.929999986203685, 1.60584164287552
greenview_01_LSHLL_001_2_1, 0.929999986203685, 1.60584164287552
greenview_01_LSHLL_001_2_2, 0.929999986203685, 1.60584164287552
greenview_01_LSHLL_001_2_3, 0.929999986203685, 1.60584164287552
greenview_01_LSHLL_001_2_4, 0.929999986203685, 1.60584164287552
greenview_01_LSHLL_001_2_5, 0.929999986203685, 1.60584164287552
greenview_01_LSHLL_001_3_1, 0.929999986203685, 1.60584164287552
greenview_01_LSHLL_001_3_2, 0.929999986203685, 1.60584164287552
greenview_01_LSHLL_001_3_3, 0.929999986203685, 1.60584164287552
greenview_01_LSHLL_001_3_4, 0.929999986203685, 1.60584164287552
greenview_01_LSHLL_001_3_5, 0.929999986203685, 1.60584164287552
greenview_01_LSHLL_001_4_1, 0.929999986203685, 1.60584164287552
greenview_01_LSHLL_001_4_2, 0.929999986203685, 1.60584164287552
greenview_01_LSHLL_001_4_3, 0.929999986203685, 1.60584164287552
greenview_01_LSHLL_001_4_4, 0.929999986203685, 1.60584164287552
greenview_01_LSHLL_001_4_5, 0.929999986203685, 1.60584164287552
greenview_01_LSHLL_001_5_1, 0.929999986203685, 1.60584164287552
greenview_01_LSHLL_001_5_2, 0.929999986203685, 1.60584164287552
greenview_01_LSHLL_001_5_3, 0.929999986203685, 1.60584164287552
greenview_01_LSHLL_001_5_4, 0.929999986203685, 1.60584164287552
greenview_01_LSHLL_001_5_5, 0.929999986203685, 1.60584164287552
manager_01_HHH_001_1_1, 0.670000002156039, 1.35835958906451
manager_01_HHH_001_1_2, 0.670000002156039, 1.35835958906451
manager_01_HHH_001_1_3, 0.670000002156039, 1.35835958906451
manager_01_HHH_001_1_4, 0.670000002156039, 1.35835958906451
manager_01_HHH_001_1_5, 0.670000002156039, 1.35835958906451
manager_01_HHH_001_2_1, 0.670000002156039, 1.35835958906451
manager_01_HHH_001_2_2, 0.670000002156039, 1.35835958906451
manager_01_HHH_001_2_3, 0.670000002156039, 1.35835958906451
manager_01_HHH_001_2_4, 0.670000002156039, 1.35835958906451
manager_01_HHH_001_2_5, 0.670000002156039, 1.35835958906451
manager_01_HHH_001_3_1, 0.670000002156039, 1.35835958906451
manager_01_HHH_001_3_2, 0.670000002156039, 1.35835958906451
manager_01_HHH_001_3_3, 0.670000002156039, 1.35835958906451
manager_01_HHH_001_3_4, 0.670000002156039, 1.35835958906451
manager_01_HHH_001_3_5, 0.670000002156039, 1.35835958906451
manager_01_HHH_001_4_1, 0.670000002156039, 1.35835958906451
manager_01_HHH_001_4_2, 0.670000002156039, 1.35835958906451
manager_01_HHH_001_4_3, 0.670000002156039, 1.35835958906451
manager_01_HHH_001_4_4, 0.670000002156039, 1.35835958906451
manager_01_HHH_001_4_5, 0.670000002156039, 1.35835958906451
manager_01_HHH_001_5_1, 0.670000002156039, 1.35835958906451
manager_01_HHH_001_5_2, 0.670000002156039, 1.35835958906451
manager_01_HHH_001_5_3, 0.670000002156039, 1.35835958906451
manager_01_HHH_001_5_4, 0.670000002156039, 1.35835958906451
manager_01_HHH_001_5_5, 0.670000002156039, 1.35835958906451
manager_01_HLL_001_1_1, 0.610000000050077, 1.29835958427295
manager_01_HLL_001_1_2, 0.610000000050077, 1.29835958427295
manager_01_HLL_001_1_3, 0.610000000050077, 1.29835958427295
manager_01_HLL_001_1_4, 0.610000000050077, 1.29835958427295
manager_01_HLL_001_1_5, 0.610000000050077, 1.29835958427295
manager_01_HLL_001_2_1, 0.610000000050077, 1.29835958427295
manager_01_HLL_001_2_2, 0.610000000050077, 1.29835958427295
manager_01_HLL_001_2_3, 0.610000000050077, 1.29835958427295
manager_01_HLL_001_2_4, 0.610000000050077, 1.29835958427295
manager_01_HLL_001_2_5, 0.610000000050077, 1.29835958427295
manager_01_HLL_001_3_1, 0.610000000050077, 1.29835958427295
manager_01_HLL_001_3_2, 0.610000000050077, 1.29835958427295
manager_01_HLL_001_3_3, 0.610000000050077, 1.29835958427295
manager_01_HLL_001_3_4, 0.610000000050077, 1.29835958427295
manager_01_HLL_001_3_5, 0.610000000050077, 1.29835958427295
manager_01_HLL_001_4_1, 0.610000000050077, 1.29835958427295
manager_01_HLL_001_4_2, 0.610000000050077, 1.29835958427295
manager_01_HLL_001_4_3, 0.610000000050077, 1.29835958427295
manager_01_HLL_001_4_4, 0.610000000050077, 1.29835958427295
manager_01_HLL_001_4_5, 0.610000000050077, 1.29835958427295
manager_01_HLL_001_5_1, 0.610000000050077, 1.29835958427295
manager_01_HLL_001_5_2, 0.610000000050077, 1.29835958427295
manager_01_HLL_001_5_3, 0.610000000050077, 1.29835958427295
manager_01_HLL_001_5_4, 0.610000000050077, 1.29835958427295
manager_01_HLL_001_5_5, 0.610000000050077, 1.29835958427295
manager_01_LHH_003_1_1, 0.679999995760337, 1.36835958164781
manager_01_LHH_003_1_2, 0.679999995760337, 1.36835958164781
manager_01_LHH_003_1_3, 0.679999995760337, 1.36835958164781
manager_01_LHH_003_1_4, 0.679999995760337, 1.36835958164781
manager_01_LHH_003_1_5, 0.679999995760337, 1.36835958164781
manager_01_LHH_003_2_1, 0.679999995760337, 1.36835958164781
manager_01_LHH_003_2_2, 0.679999995760337, 1.36835958164781
manager_01_LHH_003_2_3, 0.679999995760337, 1.36835958164781
manager_01_LHH_003_2_4, 0.679999995760337, 1.36835958164781
manager_01_LHH_003_2_5, 0.679999995760337, 1.36835958164781
manager_01_LHH_003_3_1, 0.679999995760337, 1.36835958164781
manager_01_LHH_003_3_2, 0.679999995760337, 1.36835958164781
manager_01_LHH_003_3_3, 0.679999995760337, 1.36835958164781
manager_01_LHH_003_3_4, 0.679999995760337, 1.36835958164781
manager_01_LHH_003_3_5, 0.679999995760337, 1.36835958164781
manager_01_LHH_003_4_1, 0.679999995760337, 1.36835958164781
manager_01_LHH_003_4_2, 0.679999995760337, 1.36835958164781
manager_01_LHH_003_4_3, 0.679999995760337, 1.36835958164781
manager_01_LHH_003_4_4, 0.679999995760337, 1.36835958164781
manager_01_LHH_003_4_5, 0.679999995760337, 1.36835958164781
manager_01_LHH_003_5_1, 0.679999995760337, 1.36835958164781
manager_01_LHH_003_5_2, 0.679999995760337, 1.36835958164781
manager_01_LHH_003_5_3, 0.679999995760337, 1.36835958164781
manager_01_LHH_003_5_4, 0.679999995760337, 1.36835958164781
manager_01_LHH_003_5_5, 0.679999995760337, 1.36835958164781
manager_01_LHSLL_001_1_1, 0.599999989709714, 1.28835956230571
manager_01_LHSLL_001_1_2, 0.599999989709714, 1.28835956230571
manager_01_LHSLL_001_1_3, 0.599999989709714, 1.28835956230571
manager_01_LHSLL_001_1_4, 0.599999989709714, 1.28835956230571
manager_01_LHSLL_001_1_5, 0.599999989709714, 1.28835956230571
manager_01_LHSLL_001_2_1, 0.599999989709714, 1.28835956230571
manager_01_LHSLL_001_2_2, 0.599999989709714, 1.28835956230571
manager_01_LHSLL_001_2_3, 0.599999989709714, 1.28835956230571
manager_01_LHSLL_001_2_4, 0.599999989709714, 1.28835956230571
manager_01_LHSLL_001_2_5, 0.599999989709714, 1.28835956230571
manager_01_LHSLL_001_3_1, 0.599999989709714, 1.28835956230571
manager_01_LHSLL_001_3_2, 0.599999989709714, 1.28835956230571
manager_01_LHSLL_001_3_3, 0.599999989709714, 1.28835956230571
manager_01_LHSLL_001_3_4, 0.599999989709714, 1.28835956230571
manager_01_LHSLL_001_3_5, 0.599999989709714, 1.28835956230571
manager_01_LHSLL_001_4_1, 0.599999989709714, 1.28835956230571
manager_01_LHSLL_001_4_2, 0.599999989709714, 1.28835956230571
manager_01_LHSLL_001_4_3, 0.599999989709714, 1.28835956230571
manager_01_LHSLL_001_4_4, 0.599999989709714, 1.28835956230571
manager_01_LHSLL_001_4_5, 0.599999989709714, 1.28835956230571
manager_01_LHSLL_001_5_1, 0.599999989709714, 1.28835956230571
manager_01_LHSLL_001_5_2, 0.599999989709714, 1.28835956230571
manager_01_LHSLL_001_5_3, 0.599999989709714, 1.28835956230571
manager_01_LHSLL_001_5_4, 0.599999989709714, 1.28835956230571
manager_01_LHSLL_001_5_5, 0.599999989709714, 1.28835956230571
manager_01_LSHLL_001_1_1, 0.529999979629921, 1.21835955444683
manager_01_LSHLL_001_1_2, 0.529999979629921, 1.21835955444683
manager_01_LSHLL_001_1_3, 0.529999979629921, 1.21835955444683
manager_01_LSHLL_001_1_4, 0.529999979629921, 1.21835955444683
manager_01_LSHLL_001_1_5, 0.529999979629921, 1.21835955444683
manager_01_LSHLL_001_2_1, 0.529999979629921, 1.21835955444683
manager_01_LSHLL_001_2_2, 0.529999979629921, 1.21835955444683
manager_01_LSHLL_001_2_3, 0.529999979629921, 1.21835955444683
manager_01_LSHLL_001_2_4, 0.529999979629921, 1.21835955444683
manager_01_LSHLL_001_2_5, 0.529999979629921, 1.21835955444683
manager_01_LSHLL_001_3_1, 0.529999979629921, 1.21835955444683
manager_01_LSHLL_001_3_2, 0.529999979629921, 1.21835955444683
manager_01_LSHLL_001_3_3, 0.529999979629921, 1.21835955444683
manager_01_LSHLL_001_3_4, 0.529999979629921, 1.21835955444683
manager_01_LSHLL_001_3_5, 0.529999979629921, 1.21835955444683
manager_01_LSHLL_001_4_1, 0.529999979629921, 1.21835955444683
manager_01_LSHLL_001_4_2, 0.529999979629921, 1.21835955444683
manager_01_LSHLL_001_4_3, 0.529999979629921, 1.21835955444683
manager_01_LSHLL_001_4_4, 0.529999979629921, 1.21835955444683
manager_01_LSHLL_001_4_5, 0.529999979629921, 1.21835955444683
manager_01_LSHLL_001_5_1, 0.529999979629921, 1.21835955444683
manager_01_LSHLL_001_5_2, 0.529999979629921, 1.21835955444683
manager_01_LSHLL_001_5_3, 0.529999979629921, 1.21835955444683
manager_01_LSHLL_001_5_4, 0.529999979629921, 1.21835955444683
manager_01_LSHLL_001_5_5, 0.529999979629921, 1.21835955444683
maryland_02_HLL_004_1_1, 0.800000026228057, 1.48835965215267
maryland_02_HLL_004_1_2, 0.800000026228057, 1.48835965215267
maryland_02_HLL_004_1_3, 0.800000026228057, 1.48835965215267
maryland_02_HLL_004_1_4, 0.800000026228057, 1.48835965215267
maryland_02_HLL_004_1_5, 0.800000026228057, 1.48835965215267
maryland_02_HLL_004_2_1, 0.800000026228057, 1.48835965215267
maryland_02_HLL_004_2_2, 0.800000026228057, 1.48835965215267
maryland_02_HLL_004_2_3, 0.800000026228057, 1.48835965215267
maryland_02_HLL_004_2_4, 0.800000026228057, 1.48835965215267
maryland_02_HLL_004_2_5, 0.800000026228057, 1.48835965215267
maryland_02_HLL_004_3_1, 0.800000026228057, 1.48835965215267
maryland_02_HLL_004_3_2, 0.800000026228057, 1.48835965215267
maryland_02_HLL_004_3_3, 0.800000026228057, 1.48835965215267
maryland_02_HLL_004_3_4, 0.800000026228057, 1.48835965215267
maryland_02_HLL_004_3_5, 0.800000026228057, 1.48835965215267
maryland_02_HLL_004_4_1, 0.800000026228057, 1.48835965215267
maryland_02_HLL_004_4_2, 0.800000026228057, 1.48835965215267
maryland_02_HLL_004_4_3, 0.800000026228057, 1.48835965215267
maryland_02_HLL_004_4_4, 0.800000026228057, 1.48835965215267
maryland_02_HLL_004_4_5, 0.800000026228057, 1.48835965215267
maryland_02_HLL_004_5_1, 0.800000026228057, 1.48835965215267
maryland_02_HLL_004_5_2, 0.800000026228057, 1.48835965215267
maryland_02_HLL_004_5_3, 0.800000026228057, 1.48835965215267
maryland_02_HLL_004_5_4, 0.800000026228057, 1.48835965215267
maryland_02_HLL_004_5_5, 0.800000026228057, 1.48835965215267
maryland_02_LHH_001_1_1, 0.770000026228057, 1.45835964878671
maryland_02_LHH_001_1_2, 0.770000026228057, 1.45835964878671
maryland_02_LHH_001_1_3, 0.770000026228057, 1.45835964878671
maryland_02_LHH_001_1_4, 0.770000026228057, 1.45835964878671
maryland_02_LHH_001_1_5, 0.770000026228057, 1.45835964878671
maryland_02_LHH_001_2_1, 0.770000026228057, 1.45835964878671
maryland_02_LHH_001_2_2, 0.770000026228057, 1.45835964878671
maryland_02_LHH_001_2_3, 0.770000026228057, 1.45835964878671
maryland_02_LHH_001_2_4, 0.770000026228057, 1.45835964878671
maryland_02_LHH_001_2_5, 0.770000026228057, 1.45835964878671
maryland_02_LHH_001_3_1, 0.770000026228057, 1.45835964878671
maryland_02_LHH_001_3_2, 0.770000026228057, 1.45835964878671
maryland_02_LHH_001_3_3, 0.770000026228057, 1.45835964878671
maryland_02_LHH_001_3_4, 0.770000026228057, 1.45835964878671
maryland_02_LHH_001_3_5, 0.770000026228057, 1.45835964878671
maryland_02_LHH_001_4_1, 0.770000026228057, 1.45835964878671
maryland_02_LHH_001_4_2, 0.770000026228057, 1.45835964878671
maryland_02_LHH_001_4_3, 0.770000026228057, 1.45835964878671
maryland_02_LHH_001_4_4, 0.770000026228057, 1.45835964878671
maryland_02_LHH_001_4_5, 0.770000026228057, 1.45835964878671
maryland_02_LHH_001_5_1, 0.770000026228057, 1.45835964878671
maryland_02_LHH_001_5_2, 0.770000026228057, 1.45835964878671
maryland_02_LHH_001_5_3, 0.770000026228057, 1.45835964878671
maryland_02_LHH_001_5_4, 0.770000026228057, 1.45835964878671
maryland_02_LHH_001_5_5, 0.770000026228057, 1.45835964878671
maryland_02_LHSLL_004_1_1, 0.670000026228057, 1.35835965987227
maryland_02_LHSLL_004_1_2, 0.670000026228057, 1.35835965987227
maryland_02_LHSLL_004_1_3, 0.670000026228057, 1.35835965987227
maryland_02_LHSLL_004_1_4, 0.670000026228057, 1.35835965987227
maryland_02_LHSLL_004_1_5, 0.670000026228057, 1.35835965987227
maryland_02_LHSLL_004_2_1, 0.670000026228057, 1.35835965987227
maryland_02_LHSLL_004_2_2, 0.670000026228057, 1.35835965987227
maryland_02_LHSLL_004_2_3, 0.670000026228057, 1.35835965987227
maryland_02_LHSLL_004_2_4, 0.670000026228057, 1.35835965987227
maryland_02_LHSLL_004_2_5, 0.670000026228057, 1.35835965987227
maryland_02_LHSLL_004_3_1, 0.670000026228057, 1.35835965987227
maryland_02_LHSLL_004_3_2, 0.670000026228057, 1.35835965987227
maryland_02_LHSLL_004_3_3, 0.670000026228057, 1.35835965987227
maryland_02_LHSLL_004_3_4, 0.670000026228057, 1.35835965987227
maryland_02_LHSLL_004_3_5, 0.670000026228057, 1.35835965987227
maryland_02_LHSLL_004_4_1, 0.670000026228057, 1.35835965987227
maryland_02_LHSLL_004_4_2, 0.670000026228057, 1.35835965987227
maryland_02_LHSLL_004_4_3, 0.670000026228057, 1.35835965987227
maryland_02_LHSLL_004_4_4, 0.670000026228057, 1.35835965987227
maryland_02_LHSLL_004_4_5, 0.670000026228057, 1.35835965987227
maryland_02_LHSLL_004_5_1, 0.670000026228057, 1.35835965987227
maryland_02_LHSLL_004_5_2, 0.670000026228057, 1.35835965987227
maryland_02_LHSLL_004_5_3, 0.670000026228057, 1.35835965987227
maryland_02_LHSLL_004_5_4, 0.670000026228057, 1.35835965987227
maryland_02_LHSLL_004_5_5, 0.670000026228057, 1.35835965987227
maryland_02_LSHLL_013_1_1, 0.660000016064316, 1.3483596412692
maryland_02_LSHLL_013_1_2, 0.660000016064316, 1.3483596412692
maryland_02_LSHLL_013_1_3, 0.660000016064316, 1.3483596412692
maryland_02_LSHLL_013_1_4, 0.660000016064316, 1.3483596412692
maryland_02_LSHLL_013_1_5, 0.660000016064316, 1.3483596412692
maryland_02_LSHLL_013_2_1, 0.660000016064316, 1.3483596412692
maryland_02_LSHLL_013_2_2, 0.660000016064316, 1.3483596412692
maryland_02_LSHLL_013_2_3, 0.660000016064316, 1.3483596412692
maryland_02_LSHLL_013_2_4, 0.660000016064316, 1.3483596412692
maryland_02_LSHLL_013_2_5, 0.660000016064316, 1.3483596412692
maryland_02_LSHLL_013_3_1, 0.660000016064316, 1.3483596412692
maryland_02_LSHLL_013_3_2, 0.660000016064316, 1.3483596412692
maryland_02_LSHLL_013_3_3, 0.660000016064316, 1.3483596412692
maryland_02_LSHLL_013_3_4, 0.660000016064316, 1.3483596412692
maryland_02_LSHLL_013_3_5, 0.660000016064316, 1.3483596412692
maryland_02_LSHLL_013_4_1, 0.660000016064316, 1.3483596412692
maryland_02_LSHLL_013_4_2, 0.660000016064316, 1.3483596412692
maryland_02_LSHLL_013_4_3, 0.660000016064316, 1.3483596412692
maryland_02_LSHLL_013_4_4, 0.660000016064316, 1.3483596412692
maryland_02_LSHLL_013_4_5, 0.660000016064316, 1.3483596412692
maryland_02_LSHLL_013_5_1, 0.660000016064316, 1.3483596412692
maryland_02_LSHLL_013_5_2, 0.660000016064316, 1.3483596412692
maryland_02_LSHLL_013_5_3, 0.660000016064316, 1.3483596412692
maryland_02_LSHLL_013_5_4, 0.660000016064316, 1.3483596412692
maryland_02_LSHLL_013_5_5, 0.660000016064316, 1.3483596412692
middleman_01_HHH_001_1_1, 0.500000020783196, 1.18835964225667
middleman_01_HHH_001_1_2, 0.500000020783196, 1.18835964225667
middleman_01_HHH_001_1_3, 0.500000020783196, 1.18835964225667
middleman_01_HHH_001_1_4, 0.500000020783196, 1.18835964225667
middleman_01_HHH_001_1_5, 0.500000020783196, 1.18835964225667
middleman_01_HHH_001_2_1, 0.500000020783196, 1.18835964225667
middleman_01_HHH_001_2_2, 0.500000020783196, 1.18835964225667
middleman_01_HHH_001_2_3, 0.500000020783196, 1.18835964225667
middleman_01_HHH_001_2_4, 0.500000020783196, 1.18835964225667
middleman_01_HHH_001_2_5, 0.500000020783196, 1.18835964225667
middleman_01_HHH_001_3_1, 0.500000020783196, 1.18835964225667
middleman_01_HHH_001_3_2, 0.500000020783196, 1.18835964225667
middleman_01_HHH_001_3_3, 0.500000020783196, 1.18835964225667
middleman_01_HHH_001_3_4, 0.500000020783196, 1.18835964225667
middleman_01_HHH_001_3_5, 0.500000020783196, 1.18835964225667
middleman_01_HHH_001_4_1, 0.500000020783196, 1.18835964225667
middleman_01_HHH_001_4_2, 0.500000020783196, 1.18835964225667
middleman_01_HHH_001_4_3, 0.500000020783196, 1.18835964225667
middleman_01_HHH_001_4_4, 0.500000020783196, 1.18835964225667
middleman_01_HHH_001_4_5, 0.500000020783196, 1.18835964225667
middleman_01_HHH_001_5_1, 0.500000020783196, 1.18835964225667
middleman_01_HHH_001_5_2, 0.500000020783196, 1.18835964225667
middleman_01_HHH_001_5_3, 0.500000020783196, 1.18835964225667
middleman_01_HHH_001_5_4, 0.500000020783196, 1.18835964225667
middleman_01_HHH_001_5_5, 0.500000020783196, 1.18835964225667
middleman_01_HLL_001_1_1, 0.450000016064316, 1.1383596356685
middleman_01_HLL_001_1_2, 0.450000016064316, 1.1383596356685
middleman_01_HLL_001_1_3, 0.450000016064316, 1.1383596356685
middleman_01_HLL_001_1_4, 0.450000016064316, 1.1383596356685
middleman_01_HLL_001_1_5, 0.450000016064316, 1.1383596356685
middleman_01_HLL_001_2_1, 0.450000016064316, 1.1383596356685
middleman_01_HLL_001_2_2, 0.450000016064316, 1.1383596356685
middleman_01_HLL_001_2_3, 0.450000016064316, 1.1383596356685
middleman_01_HLL_001_2_4, 0.450000016064316, 1.1383596356685
middleman_01_HLL_001_2_5, 0.450000016064316, 1.1383596356685
middleman_01_HLL_001_3_1, 0.450000016064316, 1.1383596356685
middleman_01_HLL_001_3_2, 0.450000016064316, 1.1383596356685
middleman_01_HLL_001_3_3, 0.450000016064316, 1.1383596356685
middleman_01_HLL_001_3_4, 0.450000016064316, 1.1383596356685
middleman_01_HLL_001_3_5, 0.450000016064316, 1.1383596356685
middleman_01_HLL_001_4_1, 0.450000016064316, 1.1383596356685
middleman_01_HLL_001_4_2, 0.450000016064316, 1.1383596356685
middleman_01_HLL_001_4_3, 0.450000016064316, 1.1383596356685
middleman_01_HLL_001_4_4, 0.450000016064316, 1.1383596356685
middleman_01_HLL_001_4_5, 0.450000016064316, 1.1383596356685
middleman_01_HLL_001_5_1, 0.450000016064316, 1.1383596356685
middleman_01_HLL_001_5_2, 0.450000016064316, 1.1383596356685
middleman_01_HLL_001_5_3, 0.450000016064316, 1.1383596356685
middleman_01_HLL_001_5_4, 0.450000016064316, 1.1383596356685
middleman_01_HLL_001_5_5, 0.450000016064316, 1.1383596356685
middleman_01_LHH_002_1_1, 0.865701855936311, 1.55406147503678
middleman_01_LHH_002_1_2, 0.865701855936311, 1.55406147503678
middleman_01_LHH_002_1_3, 0.865701855936311, 1.55406147503678
middleman_01_LHH_002_1_4, 0.865701855936311, 1.55406147503678
middleman_01_LHH_002_1_5, 0.865701855936311, 1.55406147503678
middleman_01_LHH_002_2_1, 0.865701855936311, 1.55406147503678
middleman_01_LHH_002_2_2, 0.865701855936311, 1.55406147503678
middleman_01_LHH_002_2_3, 0.865701855936311, 1.55406147503678
middleman_01_LHH_002_2_4, 0.865701855936311, 1.55406147503678
middleman_01_LHH_002_2_5, 0.865701855936311, 1.55406147503678
middleman_01_LHH_002_3_1, 0.865701855936311, 1.55406147503678
middleman_01_LHH_002_3_2, 0.865701855936311, 1.55406147503678
middleman_01_LHH_002_3_3, 0.865701855936311, 1.55406147503678
middleman_01_LHH_002_3_4, 0.865701855936311, 1.55406147503678
middleman_01_LHH_002_3_5, 0.865701855936311, 1.55406147503678
middleman_01_LHH_002_4_1, 0.865701855936311, 1.55406147503678
middleman_01_LHH_002_4_2, 0.865701855936311, 1.55406147503678
middleman_01_LHH_002_4_3, 0.865701855936311, 1.55406147503678
middleman_01_LHH_002_4_4, 0.865701855936311, 1.55406147503678
middleman_01_LHH_002_4_5, 0.865701855936311, 1.55406147503678
middleman_01_LHH_002_5_1, 0.865701855936311, 1.55406147503678
middleman_01_LHH_002_5_2, 0.865701855936311, 1.55406147503678
middleman_01_LHH_002_5_3, 0.865701855936311, 1.55406147503678
middleman_01_LHH_002_5_4, 0.865701855936311, 1.55406147503678
middleman_01_LHH_002_5_5, 0.865701855936311, 1.55406147503678
middleman_01_LHSLL_002_1_1, 0.600000000461372, 1.28835961184923
middleman_01_LHSLL_002_1_2, 0.600000000461372, 1.28835961184923
middleman_01_LHSLL_002_1_3, 0.600000000461372, 1.28835961184923
middleman_01_LHSLL_002_1_4, 0.600000000461372, 1.28835961184923
middleman_01_LHSLL_002_1_5, 0.600000000461372, 1.28835961184923
middleman_01_LHSLL_002_2_1, 0.600000000461372, 1.28835961184923
middleman_01_LHSLL_002_2_2, 0.600000000461372, 1.28835961184923
middleman_01_LHSLL_002_2_3, 0.600000000461372, 1.28835961184923
middleman_01_LHSLL_002_2_4, 0.600000000461372, 1.28835961184923
middleman_01_LHSLL_002_2_5, 0.600000000461372, 1.28835961184923
middleman_01_LHSLL_002_3_1, 0.600000000461372, 1.28835961184923
middleman_01_LHSLL_002_3_2, 0.600000000461372, 1.28835961184923
middleman_01_LHSLL_002_3_3, 0.600000000461372, 1.28835961184923
middleman_01_LHSLL_002_3_4, 0.600000000461372, 1.28835961184923
middleman_01_LHSLL_002_3_5, 0.600000000461372, 1.28835961184923
middleman_01_LHSLL_002_4_1, 0.600000000461372, 1.28835961184923
middleman_01_LHSLL_002_4_2, 0.600000000461372, 1.28835961184923
middleman_01_LHSLL_002_4_3, 0.600000000461372, 1.28835961184923
middleman_01_LHSLL_002_4_4, 0.600000000461372, 1.28835961184923
middleman_01_LHSLL_002_4_5, 0.600000000461372, 1.28835961184923
middleman_01_LHSLL_002_5_1, 0.600000000461372, 1.28835961184923
middleman_01_LHSLL_002_5_2, 0.600000000461372, 1.28835961184923
middleman_01_LHSLL_002_5_3, 0.600000000461372, 1.28835961184923
middleman_01_LHSLL_002_5_4, 0.600000000461372, 1.28835961184923
middleman_01_LHSLL_002_5_5, 0.600000000461372, 1.28835961184923
middleman_01_LSHLL_003_1_1, 0.609999995043852, 1.29835959968836
middleman_01_LSHLL_003_1_2, 0.609999995043852, 1.29835959968836
middleman_01_LSHLL_003_1_3, 0.609999995043852, 1.29835959968836
middleman_01_LSHLL_003_1_4, 0.609999995043852, 1.29835959968836
middleman_01_LSHLL_003_1_5, 0.609999995043852, 1.29835959968836
middleman_01_LSHLL_003_2_1, 0.609999995043852, 1.29835959968836
middleman_01_LSHLL_003_2_2, 0.609999995043852, 1.29835959968836
middleman_01_LSHLL_003_2_3, 0.609999995043852, 1.29835959968836
middleman_01_LSHLL_003_2_4, 0.609999995043852, 1.29835959968836
middleman_01_LSHLL_003_2_5, 0.609999995043852, 1.29835959968836
middleman_01_LSHLL_003_3_1, 0.609999995043852, 1.29835959968836
middleman_01_LSHLL_003_3_2, 0.609999995043852, 1.29835959968836
middleman_01_LSHLL_003_3_3, 0.609999995043852, 1.29835959968836
middleman_01_LSHLL_003_3_4, 0.609999995043852, 1.29835959968836
middleman_01_LSHLL_003_3_5, 0.609999995043852, 1.29835959968836
middleman_01_LSHLL_003_4_1, 0.609999995043852, 1.29835959968836
middleman_01_LSHLL_003_4_2, 0.609999995043852, 1.29835959968836
middleman_01_LSHLL_003_4_3, 0.609999995043852, 1.29835959968836
middleman_01_LSHLL_003_4_4, 0.609999995043852, 1.29835959968836
middleman_01_LSHLL_003_4_5, 0.609999995043852, 1.29835959968836
middleman_01_LSHLL_003_5_1, 0.609999995043852, 1.29835959968836
middleman_01_LSHLL_003_5_2, 0.609999995043852, 1.29835959968836
middleman_01_LSHLL_003_5_3, 0.609999995043852, 1.29835959968836
middleman_01_LSHLL_003_5_4, 0.609999995043852, 1.29835959968836
middleman_01_LSHLL_003_5_5, 0.609999995043852, 1.29835959968836
northerner_02_HLL_002_1_1, 0.637802967011881, 1.32616254007735
northerner_02_HLL_002_1_2, 0.637802967011881, 1.32616254007735
northerner_02_HLL_002_1_3, 0.637802967011881, 1.32616254007735
northerner_02_HLL_002_1_4, 0.637802967011881, 1.32616254007735
northerner_02_HLL_002_1_5, 0.637802967011881, 1.32616254007735
northerner_02_HLL_002_2_1, 0.637802967011881, 1.32616254007735
northerner_02_HLL_002_2_2, 0.637802967011881, 1.32616254007735
northerner_02_HLL_002_2_3, 0.637802967011881, 1.32616254007735
northerner_02_HLL_002_2_4, 0.637802967011881, 1.32616254007735
northerner_02_HLL_002_2_5, 0.637802967011881, 1.32616254007735
northerner_02_HLL_002_3_1, 0.637802967011881, 1.32616254007735
northerner_02_HLL_002_3_2, 0.637802967011881, 1.32616254007735
northerner_02_HLL_002_3_3, 0.637802967011881, 1.32616254007735
northerner_02_HLL_002_3_4, 0.637802967011881, 1.32616254007735
northerner_02_HLL_002_3_5, 0.637802967011881, 1.32616254007735
northerner_02_HLL_002_4_1, 0.637802967011881, 1.32616254007735
northerner_02_HLL_002_4_2, 0.637802967011881, 1.32616254007735
northerner_02_HLL_002_4_3, 0.637802967011881, 1.32616254007735
northerner_02_HLL_002_4_4, 0.637802967011881, 1.32616254007735
northerner_02_HLL_002_4_5, 0.637802967011881, 1.32616254007735
northerner_02_HLL_002_5_1, 0.637802967011881, 1.32616254007735
northerner_02_HLL_002_5_2, 0.637802967011881, 1.32616254007735
northerner_02_HLL_002_5_3, 0.637802967011881, 1.32616254007735
northerner_02_HLL_002_5_4, 0.637802967011881, 1.32616254007735
northerner_02_HLL_002_5_5, 0.637802967011881, 1.32616254007735
northerner_02_LHH_014_1_1, 0.619999994030243, 1.30835956525381
northerner_02_LHH_014_1_2, 0.619999994030243, 1.30835956525381
northerner_02_LHH_014_1_3, 0.619999994030243, 1.30835956525381
northerner_02_LHH_014_1_4, 0.619999994030243, 1.30835956525381
northerner_02_LHH_014_1_5, 0.619999994030243, 1.30835956525381
northerner_02_LHH_014_2_1, 0.619999994030243, 1.30835956525381
northerner_02_LHH_014_2_2, 0.619999994030243, 1.30835956525381
northerner_02_LHH_014_2_3, 0.619999994030243, 1.30835956525381
northerner_02_LHH_014_2_4, 0.619999994030243, 1.30835956525381
northerner_02_LHH_014_2_5, 0.619999994030243, 1.30835956525381
northerner_02_LHH_014_3_1, 0.619999994030243, 1.30835956525381
northerner_02_LHH_014_3_2, 0.619999994030243, 1.30835956525381
northerner_02_LHH_014_3_3, 0.619999994030243, 1.30835956525381
northerner_02_LHH_014_3_4, 0.619999994030243, 1.30835956525381
northerner_02_LHH_014_3_5, 0.619999994030243, 1.30835956525381
northerner_02_LHH_014_4_1, 0.619999994030243, 1.30835956525381
northerner_02_LHH_014_4_2, 0.619999994030243, 1.30835956525381
northerner_02_LHH_014_4_3, 0.619999994030243, 1.30835956525381
northerner_02_LHH_014_4_4, 0.619999994030243, 1.30835956525381
northerner_02_LHH_014_4_5, 0.619999994030243, 1.30835956525381
northerner_02_LHH_014_5_1, 0.619999994030243, 1.30835956525381
northerner_02_LHH_014_5_2, 0.619999994030243, 1.30835956525381
northerner_02_LHH_014_5_3, 0.619999994030243, 1.30835956525381
northerner_02_LHH_014_5_4, 0.619999994030243, 1.30835956525381
northerner_02_LHH_014_5_5, 0.619999994030243, 1.30835956525381
northerner_02_LHSLL_007_1_1, 0.713874207081826, 1.40223378551496
northerner_02_LHSLL_007_1_2, 0.713874207081826, 1.40223378551496
northerner_02_LHSLL_007_1_3, 0.713874207081826, 1.40223378551496
northerner_02_LHSLL_007_1_4, 0.713874207081826, 1.40223378551496
northerner_02_LHSLL_007_1_5, 0.713874207081826, 1.40223378551496
northerner_02_LHSLL_007_2_1, 0.713874207081826, 1.40223378551496
northerner_02_LHSLL_007_2_2, 0.713874207081826, 1.40223378551496
northerner_02_LHSLL_007_2_3, 0.713874207081826, 1.40223378551496
northerner_02_LHSLL_007_2_4, 0.713874207081826, 1.40223378551496
northerner_02_LHSLL_007_2_5, 0.713874207081826, 1.40223378551496
northerner_02_LHSLL_007_3_1, 0.713874207081826, 1.40223378551496
northerner_02_LHSLL_007_3_2, 0.713874207081826, 1.40223378551496
northerner_02_LHSLL_007_3_3, 0.713874207081826, 1.40223378551496
northerner_02_LHSLL_007_3_4, 0.713874207081826, 1.40223378551496
northerner_02_LHSLL_007_3_5, 0.713874207081826, 1.40223378551496
northerner_02_LHSLL_007_4_1, 0.713874207081826, 1.40223378551496
northerner_02_LHSLL_007_4_2, 0.713874207081826, 1.40223378551496
northerner_02_LHSLL_007_4_3, 0.713874207081826, 1.40223378551496
northerner_02_LHSLL_007_4_4, 0.713874207081826, 1.40223378551496
northerner_02_LHSLL_007_4_5, 0.713874207081826, 1.40223378551496
northerner_02_LHSLL_007_5_1, 0.713874207081826, 1.40223378551496
northerner_02_LHSLL_007_5_2, 0.713874207081826, 1.40223378551496
northerner_02_LHSLL_007_5_3, 0.713874207081826, 1.40223378551496
northerner_02_LHSLL_007_5_4, 0.713874207081826, 1.40223378551496
northerner_02_LHSLL_007_5_5, 0.713874207081826, 1.40223378551496
northerner_02_LSHLL_009_1_1, 0.619999991282456, 1.308359574442
northerner_02_LSHLL_009_1_2, 0.619999991282456, 1.308359574442
northerner_02_LSHLL_009_1_3, 0.619999991282456, 1.308359574442
northerner_02_LSHLL_009_1_4, 0.619999991282456, 1.308359574442
northerner_02_LSHLL_009_1_5, 0.619999991282456, 1.308359574442
northerner_02_LSHLL_009_2_1, 0.619999991282456, 1.308359574442
northerner_02_LSHLL_009_2_2, 0.619999991282456, 1.308359574442
northerner_02_LSHLL_009_2_3, 0.619999991282456, 1.308359574442
northerner_02_LSHLL_009_2_4, 0.619999991282456, 1.308359574442
northerner_02_LSHLL_009_2_5, 0.619999991282456, 1.308359574442
northerner_02_LSHLL_009_3_1, 0.619999991282456, 1.308359574442
northerner_02_LSHLL_009_3_2, 0.619999991282456, 1.308359574442
northerner_02_LSHLL_009_3_3, 0.619999991282456, 1.308359574442
northerner_02_LSHLL_009_3_4, 0.619999991282456, 1.308359574442
northerner_02_LSHLL_009_3_5, 0.619999991282456, 1.308359574442
northerner_02_LSHLL_009_4_1, 0.619999991282456, 1.308359574442
northerner_02_LSHLL_009_4_2, 0.619999991282456, 1.308359574442
northerner_02_LSHLL_009_4_3, 0.619999991282456, 1.308359574442
northerner_02_LSHLL_009_4_4, 0.619999991282456, 1.308359574442
northerner_02_LSHLL_009_4_5, 0.619999991282456, 1.308359574442
northerner_02_LSHLL_009_5_1, 0.619999991282456, 1.308359574442
northerner_02_LSHLL_009_5_2, 0.619999991282456, 1.308359574442
northerner_02_LSHLL_009_5_3, 0.619999991282456, 1.308359574442
northerner_02_LSHLL_009_5_4, 0.619999991282456, 1.308359574442
northerner_02_LSHLL_009_5_5, 0.619999991282456, 1.308359574442
weatherman_02_HLL_002_1_1, 0.543181249076869, 1.23154087895236
weatherman_02_HLL_002_1_2, 0.543181249076869, 1.23154087895236
weatherman_02_HLL_002_1_3, 0.543181249076869, 1.23154087895236
weatherman_02_HLL_002_1_4, 0.543181249076869, 1.23154087895236
weatherman_02_HLL_002_1_5, 0.543181249076869, 1.23154087895236
weatherman_02_HLL_002_2_1, 0.543181249076869, 1.23154087895236
weatherman_02_HLL_002_2_2, 0.543181249076869, 1.23154087895236
weatherman_02_HLL_002_2_3, 0.543181249076869, 1.23154087895236
weatherman_02_HLL_002_2_4, 0.543181249076869, 1.23154087895236
weatherman_02_HLL_002_2_5, 0.543181249076869, 1.23154087895236
weatherman_02_HLL_002_3_1, 0.543181249076869, 1.23154087895236
weatherman_02_HLL_002_3_2, 0.543181249076869, 1.23154087895236
weatherman_02_HLL_002_3_3, 0.543181249076869, 1.23154087895236
weatherman_02_HLL_002_3_4, 0.543181249076869, 1.23154087895236
weatherman_02_HLL_002_3_5, 0.543181249076869, 1.23154087895236
weatherman_02_HLL_002_4_1, 0.543181249076869, 1.23154087895236
weatherman_02_HLL_002_4_2, 0.543181249076869, 1.23154087895236
weatherman_02_HLL_002_4_3, 0.543181249076869, 1.23154087895236
weatherman_02_HLL_002_4_4, 0.543181249076869, 1.23154087895236
weatherman_02_HLL_002_4_5, 0.543181249076869, 1.23154087895236
weatherman_02_HLL_002_5_1, 0.543181249076869, 1.23154087895236
weatherman_02_HLL_002_5_2, 0.543181249076869, 1.23154087895236
weatherman_02_HLL_002_5_3, 0.543181249076869, 1.23154087895236
weatherman_02_HLL_002_5_4, 0.543181249076869, 1.23154087895236
weatherman_02_HLL_002_5_5, 0.543181249076869, 1.23154087895236
weatherman_02_LHH_001_1_1, 0.588903854153441, 1.27726345365604
weatherman_02_LHH_001_1_2, 0.588903854153441, 1.27726345365604
weatherman_02_LHH_001_1_3, 0.588903854153441, 1.27726345365604
weatherman_02_LHH_001_1_4, 0.588903854153441, 1.27726345365604
weatherman_02_LHH_001_1_5, 0.588903854153441, 1.27726345365604
weatherman_02_LHH_001_2_1, 0.588903854153441, 1.27726345365604
weatherman_02_LHH_001_2_2, 0.588903854153441, 1.27726345365604
weatherman_02_LHH_001_2_3, 0.588903854153441, 1.27726345365604
weatherman_02_LHH_001_2_4, 0.588903854153441, 1.27726345365604
weatherman_02_LHH_001_2_5, 0.588903854153441, 1.27726345365604
weatherman_02_LHH_001_3_1, 0.588903854153441, 1.27726345365604
weatherman_02_LHH_001_3_2, 0.588903854153441, 1.27726345365604
weatherman_02_LHH_001_3_3, 0.588903854153441, 1.27726345365604
weatherman_02_LHH_001_3_4, 0.588903854153441, 1.27726345365604
weatherman_02_LHH_001_3_5, 0.588903854153441, 1.27726345365604
weatherman_02_LHH_001_4_1, 0.588903854153441, 1.27726345365604
weatherman_02_LHH_001_4_2, 0.588903854153441, 1.27726345365604
weatherman_02_LHH_001_4_3, 0.588903854153441, 1.27726345365604
weatherman_02_LHH_001_4_4, 0.588903854153441, 1.27726345365604
weatherman_02_LHH_001_4_5, 0.588903854153441, 1.27726345365604
weatherman_02_LHH_001_5_1, 0.588903854153441, 1.27726345365604
weatherman_02_LHH_001_5_2, 0.588903854153441, 1.27726345365604
weatherman_02_LHH_001_5_3, 0.588903854153441, 1.27726345365604
weatherman_02_LHH_001_5_4, 0.588903854153441, 1.27726345365604
weatherman_02_LHH_001_5_5, 0.588903854153441, 1.27726345365604
weatherman_02_LHSLL_006_1_1, 0.583475704607656, 1.27183532059779
weatherman_02_LHSLL_006_1_2, 0.583475704607656, 1.27183532059779
weatherman_02_LHSLL_006_1_3, 0.583475704607656, 1.27183532059779
weatherman_02_LHSLL_006_1_4, 0.583475704607656, 1.27183532059779
weatherman_02_LHSLL_006_1_5, 0.583475704607656, 1.27183532059779
weatherman_02_LHSLL_006_2_1, 0.583475704607656, 1.27183532059779
weatherman_02_LHSLL_006_2_2, 0.583475704607656, 1.27183532059779
weatherman_02_LHSLL_006_2_3, 0.583475704607656, 1.27183532059779
weatherman_02_LHSLL_006_2_4, 0.583475704607656, 1.27183532059779
weatherman_02_LHSLL_006_2_5, 0.583475704607656, 1.27183532059779
weatherman_02_LHSLL_006_3_1, 0.583475704607656, 1.27183532059779
weatherman_02_LHSLL_006_3_2, 0.583475704607656, 1.27183532059779
weatherman_02_LHSLL_006_3_3, 0.583475704607656, 1.27183532059779
weatherman_02_LHSLL_006_3_4, 0.583475704607656, 1.27183532059779
weatherman_02_LHSLL_006_3_5, 0.583475704607656, 1.27183532059779
weatherman_02_LHSLL_006_4_1, 0.583475704607656, 1.27183532059779
weatherman_02_LHSLL_006_4_2, 0.583475704607656, 1.27183532059779
weatherman_02_LHSLL_006_4_3, 0.583475704607656, 1.27183532059779
weatherman_02_LHSLL_006_4_4, 0.583475704607656, 1.27183532059779
weatherman_02_LHSLL_006_4_5, 0.583475704607656, 1.27183532059779
weatherman_02_LHSLL_006_5_1, 0.583475704607656, 1.27183532059779
weatherman_02_LHSLL_006_5_2, 0.583475704607656, 1.27183532059779
weatherman_02_LHSLL_006_5_3, 0.583475704607656, 1.27183532059779
weatherman_02_LHSLL_006_5_4, 0.583475704607656, 1.27183532059779
weatherman_02_LHSLL_006_5_5, 0.583475704607656, 1.27183532059779
weatherman_02_LSHLL_006_1_1, 0.647578388138991, 1.33593799399174
weatherman_02_LSHLL_006_1_2, 0.647578388138991, 1.33593799399174
weatherman_02_LSHLL_006_1_3, 0.647578388138991, 1.33593799399174
weatherman_02_LSHLL_006_1_4, 0.647578388138991, 1.33593799399174
weatherman_02_LSHLL_006_1_5, 0.647578388138991, 1.33593799399174
weatherman_02_LSHLL_006_2_1, 0.647578388138991, 1.33593799399174
weatherman_02_LSHLL_006_2_2, 0.647578388138991, 1.33593799399174
weatherman_02_LSHLL_006_2_3, 0.647578388138991, 1.33593799399174
weatherman_02_LSHLL_006_2_4, 0.647578388138991, 1.33593799399174
weatherman_02_LSHLL_006_2_5, 0.647578388138991, 1.33593799399174
weatherman_02_LSHLL_006_3_1, 0.647578388138991, 1.33593799399174
weatherman_02_LSHLL_006_3_2, 0.647578388138991, 1.33593799399174
weatherman_02_LSHLL_006_3_3, 0.647578388138991, 1.33593799399174
weatherman_02_LSHLL_006_3_4, 0.647578388138991, 1.33593799399174
weatherman_02_LSHLL_006_3_5, 0.647578388138991, 1.33593799399174
weatherman_02_LSHLL_006_4_1, 0.647578388138991, 1.33593799399174
weatherman_02_LSHLL_006_4_2, 0.647578388138991, 1.33593799399174
weatherman_02_LSHLL_006_4_3, 0.647578388138991, 1.33593799399174
weatherman_02_LSHLL_006_4_4, 0.647578388138991, 1.33593799399174
weatherman_02_LSHLL_006_4_5, 0.647578388138991, 1.33593799399174
weatherman_02_LSHLL_006_5_1, 0.647578388138991, 1.33593799399174
weatherman_02_LSHLL_006_5_2, 0.647578388138991, 1.33593799399174
weatherman_02_LSHLL_006_5_3, 0.647578388138991, 1.33593799399174
weatherman_02_LSHLL_006_5_4, 0.647578388138991, 1.33593799399174
weatherman_02_LSHLL_006_5_5, 0.647578388138991, 1.33593799399174
weaverville_02_HLL_003_1_1, 0.560000021235743, 1.24835964181541
weaverville_02_HLL_003_1_2, 0.560000021235743, 1.24835964181541
weaverville_02_HLL_003_1_3, 0.560000021235743, 1.24835964181541
weaverville_02_HLL_003_1_4, 0.560000021235743, 1.24835964181541
weaverville_02_HLL_003_1_5, 0.560000021235743, 1.24835964181541
weaverville_02_HLL_003_2_1, 0.560000021235743, 1.24835964181541
weaverville_02_HLL_003_2_2, 0.560000021235743, 1.24835964181541
weaverville_02_HLL_003_2_3, 0.560000021235743, 1.24835964181541
weaverville_02_HLL_003_2_4, 0.560000021235743, 1.24835964181541
weaverville_02_HLL_003_2_5, 0.560000021235743, 1.24835964181541
weaverville_02_HLL_003_3_1, 0.560000021235743, 1.24835964181541
weaverville_02_HLL_003_3_2, 0.560000021235743, 1.24835964181541
weaverville_02_HLL_003_3_3, 0.560000021235743, 1.24835964181541
weaverville_02_HLL_003_3_4, 0.560000021235743, 1.24835964181541
weaverville_02_HLL_003_3_5, 0.560000021235743, 1.24835964181541
weaverville_02_HLL_003_4_1, 0.560000021235743, 1.24835964181541
weaverville_02_HLL_003_4_2, 0.560000021235743, 1.24835964181541
weaverville_02_HLL_003_4_3, 0.560000021235743, 1.24835964181541
weaverville_02_HLL_003_4_4, 0.560000021235743, 1.24835964181541
weaverville_02_HLL_003_4_5, 0.560000021235743, 1.24835964181541
weaverville_02_HLL_003_5_1, 0.560000021235743, 1.24835964181541
weaverville_02_HLL_003_5_2, 0.560000021235743, 1.24835964181541
weaverville_02_HLL_003_5_3, 0.560000021235743, 1.24835964181541
weaverville_02_HLL_003_5_4, 0.560000021235743, 1.24835964181541
weaverville_02_HLL_003_5_5, 0.560000021235743, 1.24835964181541
weaverville_02_LHH_008_1_1, 0.730000015255833, 1.41835962772915
weaverville_02_LHH_008_1_2, 0.730000015255833, 1.41835962772915
weaverville_02_LHH_008_1_3, 0.730000015255833, 1.41835962772915
weaverville_02_LHH_008_1_4, 0.730000015255833, 1.41835962772915
weaverville_02_LHH_008_1_5, 0.730000015255833, 1.41835962772915
weaverville_02_LHH_008_2_1, 0.730000015255833, 1.41835962772915
weaverville_02_LHH_008_2_2, 0.730000015255833, 1.41835962772915
weaverville_02_LHH_008_2_3, 0.730000015255833, 1.41835962772915
weaverville_02_LHH_008_2_4, 0.730000015255833, 1.41835962772915
weaverville_02_LHH_008_2_5, 0.730000015255833, 1.41835962772915
weaverville_02_LHH_008_3_1, 0.730000015255833, 1.41835962772915
weaverville_02_LHH_008_3_2, 0.730000015255833, 1.41835962772915
weaverville_02_LHH_008_3_3, 0.730000015255833, 1.41835962772915
weaverville_02_LHH_008_3_4, 0.730000015255833, 1.41835962772915
weaverville_02_LHH_008_3_5, 0.730000015255833, 1.41835962772915
weaverville_02_LHH_008_4_1, 0.730000015255833, 1.41835962772915
weaverville_02_LHH_008_4_2, 0.730000015255833, 1.41835962772915
weaverville_02_LHH_008_4_3, 0.730000015255833, 1.41835962772915
weaverville_02_LHH_008_4_4, 0.730000015255833, 1.41835962772915
weaverville_02_LHH_008_4_5, 0.730000015255833, 1.41835962772915
weaverville_02_LHH_008_5_1, 0.730000015255833, 1.41835962772915
weaverville_02_LHH_008_5_2, 0.730000015255833, 1.41835962772915
weaverville_02_LHH_008_5_3, 0.730000015255833, 1.41835962772915
weaverville_02_LHH_008_5_4, 0.730000015255833, 1.41835962772915
weaverville_02_LHH_008_5_5, 0.730000015255833, 1.41835962772915
weaverville_02_LHSLL_002_1_1, 0.580000001960139, 1.26835960738788
weaverville_02_LHSLL_002_1_2, 0.580000001960139, 1.26835960738788
weaverville_02_LHSLL_002_1_3, 0.580000001960139, 1.26835960738788
weaverville_02_LHSLL_002_1_4, 0.580000001960139, 1.26835960738788
weaverville_02_LHSLL_002_1_5, 0.580000001960139, 1.26835960738788
weaverville_02_LHSLL_002_2_1, 0.580000001960139, 1.26835960738788
weaverville_02_LHSLL_002_2_2, 0.580000001960139, 1.26835960738788
weaverville_02_LHSLL_002_2_3, 0.580000001960139, 1.26835960738788
weaverville_02_LHSLL_002_2_4, 0.580000001960139, 1.26835960738788
weaverville_02_LHSLL_002_2_5, 0.580000001960139, 1.26835960738788
weaverville_02_LHSLL_002_3_1, 0.580000001960139, 1.26835960738788
weaverville_02_LHSLL_002_3_2, 0.580000001960139, 1.26835960738788
weaverville_02_LHSLL_002_3_3, 0.580000001960139, 1.26835960738788
weaverville_02_LHSLL_002_3_4, 0.580000001960139, 1.26835960738788
weaverville_02_LHSLL_002_3_5, 0.580000001960139, 1.26835960738788
weaverville_02_LHSLL_002_4_1, 0.580000001960139, 1.26835960738788
weaverville_02_LHSLL_002_4_2, 0.580000001960139, 1.26835960738788
weaverville_02_LHSLL_002_4_3, 0.580000001960139, 1.26835960738788
weaverville_02_LHSLL_002_4_4, 0.580000001960139, 1.26835960738788
weaverville_02_LHSLL_002_4_5, 0.580000001960139, 1.26835960738788
weaverville_02_LHSLL_002_5_1, 0.580000001960139, 1.26835960738788
weaverville_02_LHSLL_002_5_2, 0.580000001960139, 1.26835960738788
weaverville_02_LHSLL_002_5_3, 0.580000001960139, 1.26835960738788
weaverville_02_LHSLL_002_5_4, 0.580000001960139, 1.26835960738788
weaverville_02_LHSLL_002_5_5, 0.580000001960139, 1.26835960738788
weaverville_02_LSHLL_001_1_1, 0.83999999351534, 1.52835958766426
weaverville_02_LSHLL_001_1_2, 0.83999999351534, 1.52835958766426
weaverville_02_LSHLL_001_1_3, 0.83999999351534, 1.52835958766426
weaverville_02_LSHLL_001_1_4, 0.83999999351534, 1.52835958766426
weaverville_02_LSHLL_001_1_5, 0.83999999351534, 1.52835958766426
weaverville_02_LSHLL_001_2_1, 0.83999999351534, 1.52835958766426
weaverville_02_LSHLL_001_2_2, 0.83999999351534, 1.52835958766426
weaverville_02_LSHLL_001_2_3, 0.83999999351534, 1.52835958766426
weaverville_02_LSHLL_001_2_4, 0.83999999351534, 1.52835958766426
weaverville_02_LSHLL_001_2_5, 0.83999999351534, 1.52835958766426
weaverville_02_LSHLL_001_3_1, 0.83999999351534, 1.52835958766426
weaverville_02_LSHLL_001_3_2, 0.83999999351534, 1.52835958766426
weaverville_02_LSHLL_001_3_3, 0.83999999351534, 1.52835958766426
weaverville_02_LSHLL_001_3_4, 0.83999999351534, 1.52835958766426
weaverville_02_LSHLL_001_3_5, 0.83999999351534, 1.52835958766426
weaverville_02_LSHLL_001_4_1, 0.83999999351534, 1.52835958766426
weaverville_02_LSHLL_001_4_2, 0.83999999351534, 1.52835958766426
weaverville_02_LSHLL_001_4_3, 0.83999999351534, 1.52835958766426
weaverville_02_LSHLL_001_4_4, 0.83999999351534, 1.52835958766426
weaverville_02_LSHLL_001_4_5, 0.83999999351534, 1.52835958766426
weaverville_02_LSHLL_001_5_1, 0.83999999351534, 1.52835958766426
weaverville_02_LSHLL_001_5_2, 0.83999999351534, 1.52835958766426
weaverville_02_LSHLL_001_5_3, 0.83999999351534, 1.52835958766426
weaverville_02_LSHLL_001_5_4, 0.83999999351534, 1.52835958766426
weaverville_02_LSHLL_001_5_5, 0.83999999351534, 1.52835958766426
