{"phones": ["AA", "AA0", "AA1", "AA2", "AE", "AE0", "AE1", "AE2", "AH", "AH0", "AH1", "AH2", "AO", "AO0", "AO1", "AO2", "AW", "AW0", "AW1", "AW2", "AY", "AY0", "AY1", "AY2", "B", "CH", "D", "DH", "EH", "EH0", "EH1", "EH2", "ER", "ER0", "ER1", "ER2", "EY", "EY0", "EY1", "EY2", "F", "G", "HH", "IH", "IH0", "IH1", "IH2", "IY", "IY0", "IY1", "IY2", "JH", "K", "L", "M", "N", "NG", "OW", "OW0", "OW1", "OW2", "OY", "OY0", "OY1", "OY2", "P", "R", "S", "SH", "T", "TH", "UH", "UH0", "UH1", "UH2", "UW", "UW0", "UW1", "UW2", "V", "W", "Y", "Z", "ZH"], "version": "2.0.0rc4.dev0+gd5230fd.d20220126", "architecture": "gmm-hmm", "train_date": "2022-03-09 23:18:02.720580", "training": {"audio_duration": 3536310.2711249804, "num_speakers": 2484, "num_utterances": 292367, "num_oovs": 0, "average_log_likelihood": -52.717031594450326}, "features": {"type": "mfcc", "use_energy": false, "frame_shift": 10, "frame_length": 25, "snip_edges": true, "low_frequency": 20, "high_frequency": 7800, "sample_frequency": 16000, "allow_downsample": true, "allow_upsample": true, "uses_cmvn": true, "uses_deltas": true, "uses_voiced": false, "uses_splices": false, "uses_speaker_adaptation": true, "use_pitch": false, "min_f0": 50, "max_f0": 400, "delta_pitch": 0.005, "penalty_factor": 0.1}, "oov_phone": "spn", "optional_silence_phone": "sil", "other_noise_phone": "spn", "phone_set_type": "ARPA", "silence_probability": 0.1761363240431529, "initial_silence_probability": 0.18, "final_silence_correction": 2.49, "final_non_silence_correction": 1.42}