{"phones": ["a", "aj", "aw", "a\u02d0", "b", "b\u02b2", "c", "c\u02b0", "d", "d\u0292", "d\u02b2", "e", "ej", "f", "f\u02b2", "h", "i", "i\u02d0", "j", "k", "k\u02b0", "l", "m", "m\u02b2", "m\u0329", "n", "n\u0329", "o", "ow", "p", "p\u02b0", "p\u02b2", "s", "t", "t\u0283", "t\u02b0", "t\u02b2", "u", "u\u02d0", "v", "v\u02b2", "w", "z", "\u00e6", "\u00e7", "\u00f0", "\u014b", "\u0250", "\u0251", "\u0251\u02d0", "\u0252", "\u0252\u02d0", "\u0254", "\u0254j", "\u0259", "\u0259w", "\u025a", "\u025b", "\u025b\u02d0", "\u025c", "\u025c\u02d0", "\u025d", "\u025f", "\u0261", "\u026a", "\u026b", "\u026b\u0329", "\u0271", "\u0272", "\u0279", "\u027e", "\u0283", "\u0289", "\u0289\u02d0", "\u028a", "\u028e", "\u0292", "\u0294", "\u03b8"], "version": "2.0.0rc4.dev0+gd5230fd.d20220126", "architecture": "gmm-hmm", "train_date": "2022-03-28 10:13:56.241677", "training": {"audio_duration": 13149867.91791642, "num_speakers": 77861, "num_utterances": 2412285, "num_oovs": 477692, "average_log_likelihood": -4.812485466036105}, "features": {"type": "mfcc", "use_energy": false, "frame_shift": 10, "frame_length": 25, "snip_edges": true, "low_frequency": 20, "high_frequency": 7800, "sample_frequency": 16000, "allow_downsample": true, "allow_upsample": true, "uses_cmvn": true, "uses_deltas": true, "uses_voiced": false, "uses_splices": false, "uses_speaker_adaptation": true, "use_pitch": true, "min_f0": 50, "max_f0": 400, "delta_pitch": 0.005, "penalty_factor": 0.1}, "oov_phone": "spn", "optional_silence_phone": "sil", "phone_set_type": "IPA", "silence_probability": 0.27880019941369816, "initial_silence_probability": 0.28, "final_silence_correction": 3.0599999999999996, "final_non_silence_correction": 1.56}